PlotNumber,SiteUnit
$812079,ESSFwm 4 /103.1
%801752,ESSFdk 1 /101
%801754,ESSFdk 1 /111
%801756,ESSFdk 1 /101
%801760,ESSFdk 1 /110
%801775,ESSFdk 1 /101
?801831,ESSFdk 1 /104
0001779,ESSFmm 1 /01
0002479,ESSFmm 1 /01
0002779,ESSFmm 1 /05
0003079,ESSFmm 1 /03
0003279,ESSFmm 1 /01
0003679,ESSFmm 1 /05
0004079,ESSFmm 1 /06
0004779,ESSFmm 1 /01
0005779,ESSFmm 1 /04
0005879,ESSFmm 1 /04
0005979,ESSFmm 1 /05
0006779,ESSFmm 1 /06
0007179,ESSFmm 1 /01
0007279,ESSFmm 1 /01
0008079,ESSFmm 1 /01
0008279,ESSFmm 1 /05
0008379,ESSFmm 1 /06
0008979,ESSFmm 1 /02
0009479,ESSFmm 1 /06
0009579,ESSFmm 1 /04
0009879,ESSFmm 1 /04
0009979,ESSFmm 1 /06
0010079,ESSFmm 1 /05
0010379,ESSFmm 1 /06
0010479,ESSFmm 1 /05
0029780,ESSFmm 1 /01
0030080,ESSFmm 1 /01
0036580,ESSFmm 1 /01
0037280,ESSFmm 1 /06
0037380,ESSFmm 1 /01
0038780,ESSFmm 1 /04
00CG038,ESSFxc 2 /101
00CG081,ESSFdc 3 /102
00CG090,ESSFxc 2 /101
00CG111,ESSFdc 3 /101  
00CG125,ESSFdc 3 /112
00DL900,ESSFwc 2 /01
00JG025,ESSFxc 2 /110
00JG027,ESSFxc 2 /110
00JG046,ESSFdc 3 /111
00NCe21,ESSFmw 1 /101.1
00NCe29,ESSFmw 1 /101.1
00NCe42,ESSFmw 1 /101.2
00NCe46,ESSFmw 1 /103
00NCe48,ESSFmw 1 /101.1
00NCe54,ESSFmw 1 /101.1
00NCe55,ESSFmw 1 /103
00NCe57,ESSFmw 1 /101.1
00NCe58,ESSFmw 1 /101.2
00NCe77,ESSFmw 1 /103
00NCe91,ESSFmw 1 /101.1
00NCe98,ESSFmw 1 /101.2
0105101,ESSFmcw  /101
0105102,ESSFmcw  /102
0105103,ESSFmcw  /101
0105104,ESSFmcw  /110
0105105,ESSFmcw  /110
0105107,ESSFmcw  /103
0105113,ESSFmcw  /101
0105114,ESSFmcw  /101
0105115,ESSFmcw  /101
0105116,ESSFmcw  /102
0105117,ESSFmcw  /101
0105120,ESSFmcw  /101
0105121,ESSFmcw  /110
0105122,ESSFmcw  /101
0105123,ESSFmcw  /101
0105124,ESSFmcw  /103
0105125,ESSFmcw  /101
0105126,ESSFmcw  /101
0105127,ESSFmcw  /101
0105128,ESSFmcw  /101
0105130,ESSFmcw  /102
0105131,ESSFmcw  /101
0105132,ESSFmcw  /101
0105133,ESSFmcw  /103
0105134,ESSFmcw  /101
0105135,ESSFmcw  /111
0105136,ESSFmcw  /110
0105137,ESSFmcw  /103
0105138,ESSFmcw  /101
0105144,ESSFmcw  /103
0109210,ESSFwm 4 /102b
0109214,ESSFwm 4 /102b
0109216,ESSFwm 4 /111
0109218,ESSFwm 4 /111
0109219,ESSFwm 4 /102b
0109221,ESSFwm 4 /111
0109223,ESSFwm 4 /102b
0109225,ESSFwm 4 /102b
0109227,ESSFwm 4 /111
0112921,ESSFdkw  /101.1
0146479,ESSFmm 1 /05
0146579,ESSFmm 1 /05
0146679,ESSFmm 1 /01
0147479,ESSFmm 1 /06
0148179,ESSFmm 1 /01
0148279,ESSFmm 1 /01
0149379,ESSFmm 1 /01
0149479,ESSFmm 1 /01
01KJ12,ESSFmw 2 /101.1
01OK006,ESSFxc 2 /103a
01OK007,ESSFxc 2 /101
01OK008,ESSFdc 1 /101
01OK015,ESSFdcw  /103
01OK019,ESSFdc 2 /104b
01OK027,ESSFdc 2 /105
01OK036,ESSFdc 2 /110
01OK037,ESSFdc 2 /104b
01OK038,ESSFdc 2 /104b
01OK039,ESSFdc 2 /111
01OK040,ESSFdc 2 /105
01OK041,ESSFdc 2 /111
01OK053,ESSFxc 1 /111
01OK055,ESSFxc 1 /104
01OK065,ESSFxc 2 /101
01OK066,ESSFdc 2 /101
01OK067,ESSFdc 2 /105
01OK069,ESSFxc 2 /101
01OK070,ESSFxc 2 /110
01OK073,ESSFdc 1 /101
01OK077,ESSFdc 2 /104a
01OK103,ESSFxc 1 /110
01OK104,ESSFxc 1 /104
01OK107,ESSFxc 1 /110
01OK112,ESSFxc 1 /110
01OK128,ESSFdc 3 /105
02OK013,ESSFdc 1 /104
02OK014,ESSFdc 1 /104
02OK015,ESSFdc 1 /111
02OK019,ESSFmh   /110
02OK021,ESSFdc 1 /101
02OK024,ESSFwc 4 /101
02OK025,ESSFwc 4 /111
02OK032,ESSFdc 1 /112
02OK033,ESSFdc 1 /111
02OK036,ESSFdc 1 /104
02OK037,ESSFdc 1 /111
02OK039,ESSFdc 1 /101
02OK040,ESSFdc 1 /111
02OK042,ESSFdc 1 /104
02OK045,ESSFdc 1 /101
02OK046,ESSFdc 1 /104
02OK048,ESSFdc 1 /101
02OK049,ESSFdc 1 /102
02OK064,ESSFdc 1 /101
02OK065,ESSFdc 1 /111
02OK066,ESSFdc 1 /101
02OK067,ESSFmh   /110
02OK072,ESSFdc 1 /101
02OK073,ESSFmh   /101
02OK074,ESSFwc 4 /101
02OK094,ESSFmh   /101
02OK104,ESSFdc 1 /101
02OK105,ESSFdc 1 /102
02OK106,ESSFdc 1 /103
02OK107,ESSFdc 1 /101
02OK110,ESSFdc 1 /102
02OK111,ESSFdc 1 /101
02OK122,ESSFmh   /101
02OK125,ESSFmh   /101
02OK126,ESSFdc 1 /101
02OK227,ESSFmh   /101
02OK228,ESSFmh   /101
02OK229,ESSFmh   /101
02OKW18,ESSFdc 1 /104
02OKW21,ESSFwc 4 /101
02OKW24,ESSFdc 1 /101
02OKW25,ESSFmh   /110
02OKW57,ESSFmh   /101
02OKW59,ESSFmh   /101
0300854,ESSFdk 1 /103
030979,ESSFdh 2 /111
0345781,ESSFwk 2 /05
0347981,ESSFwk 2 /01
055105,ESSFmc   /01
07DM113,ESSFwm 3 /101
07DM114,ESSFwm 4 /103.1
07DM127,ESSFmh   /111
07DM33,ESSFwm 3 /105
08085,ESSFwh 3 /104.1
08-1319,ESSFwm 2 /101
08-1320,ESSFwh 2 /110
08-1329,ESSFwm 1 /104
08-1330,ESSFwm 1 /101
08-1332,ESSFwmw  /110
08-1333,ESSFwm 2 /101
08-1334,ESSFwm 2 /102
08-1335,ESSFwm 2 /103
08-1337,ESSFwm 2 /103
08-1338,ESSFwmw  /101
08-1339,ESSFwmw  /103
08-1340,ESSFwmw  /110
08-1341,ESSFwm 2 /101
08-1342,ESSFwh 2 /103
08-1343,ESSFwh 2 /110
08-1344,ESSFwh 2 /112
08-1346,ESSFwm 1 /101
08-1347,ESSFwm 1 /101
08-1349,ESSFwm 1 /101
08-1352,ESSFwh 3 /104.1
08-1353,ESSFwh 3 /110
08-1355,ESSFwh 3 /102
08-1357,ESSFwh 3 /101
08-1363,ESSFwm 3 /101
08-1364,ESSFwm 2 /103
08-1365,ESSFwm 2 /101
08-1367,ESSFwh 2 /111
08-1371,ESSFwh 2 /101
08-1372,ESSFwh 2 /110
08-1378,ESSFwm 2 /101
08-1379,ESSFwm 2 /110
08-1380,ESSFwm 2 /101
08-1381,ESSFwm 2 /112
08-1382,ESSFwmw  /101
08-1385,ESSFwm 2 /110
08-1386,ESSFwm 2 /101
08-1388,ESSFwm 2 /103
08-1389,ESSFwm 2 /112
08-1391,ESSFwm 2 /101
08-1392,ESSFwm 2 /104
08-1393,ESSFwm 2 /101
08-1394,ESSFwm 2 /110
08-1395,ESSFwh 2 /111
08-1396,ESSFwh 2 /101
08-1397,ESSFwh 2 /110
08-1398,ESSFwmw  /110
08-1399,ESSFwm 2 /101
08-1400,ESSFwh 3 /112
08-1407,ESSFwm 1 /110
08-1416,ESSFwh 2 /111
08-1461,ESSFwc 4 /103b
08-1463,ESSFwm 2 /104
08-1466,ESSFwh 2 /104
08-1468,ESSFwm 2 /103
08-1469,ESSFwm 2 /104
08-1474,ESSFwc 4 /101
08-1475,ESSFwh 1 /110.2
08-1477,ESSFwh 1 /101
08-1481,ESSFwc 4 /102
08-1483,ESSFwh 1 /104
08-1485,ESSFwh 1 /110.2
08-1486,ESSFwh 1 /110.2
08-1487,ESSFwh 1 /104
08-1489,ESSFwm 2 /103
08-1490,ESSFwm 2 /112
08-1491,ESSFwm 2 /104
08-1492,ESSFwm 2 /101
08-1493,ESSFwmw  /101
08-1494,ESSFwmw  /101
08-1495,ESSFwmw  /110
08-1500,ESSFwc 4 /103b
08156,ESSFwc 4 /101
08211,ESSFwh 2 /101
08226,ESSFwm 4 /102b
08228,ESSFwm 4 /103.1
08-2301,ESSFwm 1 /110
08-2303,ESSFwm 1 /110
08-2316,ESSFwh 3 /101
08-2317,ESSFwh 3 /102
08-2318,ESSFwh 3 /110
08232,ESSFwm 4 /101
08-2320,ESSFwm 3 /102
08-2321,ESSFwm 3 /101
08-2322,ESSFwm 3 /111
08-2323,ESSFwm 3 /103
08-2325,ESSFwh 3 /110
08-2326,ESSFwm 3 /103
08-2328,ESSFwm 3 /102
08-2329,ESSFwh 3 /110
08-2336,ESSFwmw  /101
08-2338,ESSFwm 2 /110
08-2339,ESSFwmw  /103
08-2340,ESSFwh 2 /104
08-2341,ESSFwh 2 /112
08-2342,ESSFwh 2 /101
08-2343,ESSFwm 2 /110
08-2344,ESSFwm 2 /112
08-2345,ESSFwm 2 /101
08-2346,ESSFwm 2 /101
08-2347,ESSFwh 2 /112
08-2348,ESSFwh 2 /110
08-2349,ESSFwm 2 /101
08235,ESSFwm 4 /103.1
08-2350,ESSFwm 2 /110
08-2351,ESSFwm 2 /101
08-2352,ESSFwm 2 /101
08-2353,ESSFwh 2 /110
08-2354,ESSFwh 2 /101
08-2355,ESSFwh 2 /101
08-2356,ESSFwh 2 /112
08-2358,ESSFwh 2 /111
08-2364,ESSFdc 1 /101
08-2365,ESSFdc 1 /101
08-2366,ESSFmh   /103
08-2368,ESSFwc 4 /111
08-2369,ESSFwc 4 /103b
08-2370,ESSFwh 1 /101
08-2371,ESSFwh 1 /110.1
08-2372,ESSFwh 2 /103
08-2373,ESSFwm 2 /103
08-2374,ESSFwh 2 /101
08-2375,ESSFwh 2 /110
08-2382,ESSFmm 3 /101
08-2384,ESSFmh   /105
08-2385,ESSFdc 1 /101
08-2387,ESSFwh 1 /101
08-2391,ESSFwc 4 /111
08-2392,ESSFwh 1 /101
08-2393,ESSFwh 1 /102
08-2395,ESSFwc 4 /101
08-2400,ESSFwh 2 /101
08244,ESSFwm 4 /101
08272,ESSFwm 4 /103.2
08285,ESSFwm 4 /103.2
08288,ESSFwm 4 /103.2
08295,ESSFwm 4 /102b
08-5001,ESSFwm 2 /110
08-5003,ESSFwm 2 /103
08-5004,ESSFwh 2 /101
08-5005,ESSFwh 2 /111
08-5007,ESSFwcw  /103
08-5008,ESSFwcw  /101
08-5009,ESSFwc 4 /101
08-5010,ESSFwc 4 /102
08-5011,ESSFwc 4 /111
08-5012,ESSFwc 4 /111
08-5013,ESSFwc 4 /112
08-5014,ESSFwc 4 /101
08-5020,ESSFwm 3 /103
08-5021,ESSFwm 3 /103
08-5022,ESSFwm 3 /111
08-5023,ESSFwmw  /102
08-5025,ESSFwmw  /101
08-5026,ESSFwmw  /101
08-5027,ESSFwm 3 /103
08-5028,ESSFwm 3 /101
08-5031,ESSFwm 3 /103
08-5033,ESSFwh 3 /104.2
08-5034,ESSFwh 3 /110
08-5035,ESSFwcw  /101
08-5037,ESSFwcw  /103
08-5039,ESSFwh 1 /101
08-5040,ESSFwh 1 /110.2
08-5041,ESSFwh 1 /110.2
08-5042,ESSFwh 2 /104
08-5044,ESSFwh 2 /101
08-5045,ESSFwh 2 /112
08-5049,ESSFwh 1 /101
08-5078,ESSFwh 1 /101
08-5079,ESSFdc 1 /101
08-5080,ESSFdc 1 /110
08-5081,ESSFmh   /105
08-5086,ESSFwh 3 /110
08-5087,ESSFwh 3 /104.1
08-5088,ESSFwm 3 /104
08-5089,ESSFwh 3 /110
08-5093,ESSFwm 2 /110
08-5095,ESSFwm 2 /103
08-5096,ESSFwm 2 /102
08-5097,ESSFwm 2 /110
08-5099,ESSFwh 2 /101
08-5104,ESSFwc 4 /111
08-5105,ESSFwc 4 /110
08-5106,ESSFwc 4 /112
08-5108,ESSFwm 3 /101
08-5109,ESSFwm 3 /102
08-5111,ESSFwm 3 /102
08-5112,ESSFwm 3 /111
08-5113,ESSFwm 3 /101
08-5114,ESSFwm 3 /103
08-5115,ESSFwmw  /102
08-5116,ESSFwmw  /101
08-5117,ESSFwmw  /110
08-5118,ESSFwm 3 /103
08-5119,ESSFwm 3 /104
08-5121,ESSFwh 3 /110
08-5123,ESSFwh 1 /104
08-5124,ESSFwh 1 /110.1
08-5126,ESSFwm 3 /101
08-5127,ESSFwm 3 /111
08-5129,ESSFwh 3 /110
08-5139,ESSFwh 2 /110
08-5140,ESSFwh 2 /110
08-5141,ESSFwh 2 /111
08-5142,ESSFwh 2 /101
08-5143,ESSFwcw  /104.1
08-5144,ESSFwcw  /101
08-5146,ESSFwc 4 /101
08-5152,ESSFwmw  /101
08-5153,ESSFwmw  /110
08-5154,ESSFwm 3 /101
08-5155,ESSFwm 3 /105
08-5156,ESSFwm 3 /111
08-5157,ESSFwm 3 /110
08-5158,ESSFwc 4 /102
08-5159,ESSFdc 1 /110
08-5160,ESSFmh   /104
08-5162,ESSFmh   /112
08-5163,ESSFdc 1 /101
08-5165,ESSFmh   /103
08-5166,ESSFmh   /111
08-5169,ESSFwh 1 /104
08-5177,ESSFwh 1 /110.2
08-5185,ESSFdc 1 /104
08-5186,ESSFmh   /101
08-5187,ESSFmh   /110
08-5189,ESSFdcw  /103
08-5190,ESSFdc 1 /110
08-5191,ESSFdc 1 /111
08-5192,ESSFmh   /111
08-5193,ESSFdc 1 /112
08-5303,ESSFwvw  /105
08-5305,ESSFwvw /103
08-5306,ESSFmc   /06
08-5307,ESSFmc   /01
08-5311,ESSFmcw  /110
08-5312,ESSFmcw  /111
08-5315,ESSFmc   /01
08-5317,ESSFmkw  /103
08-5319,ESSFwv   /01
08-5332,ESSFmcw  /101
08-5333,ESSFmcw  /111
08-5334,ESSFmc   /01
08-5340,ESSFwv   /01
08-5341,ESSFmc   /04
08-5342,ESSFmcw  /110
08-5344,ESSFmcw  /110
08-5350,ESSFwv   /01
08-5351,ESSFmc   /01
08-5355,ESSFmkw  /102
08-5359,ESSFmc   /01
08-5363,ESSFmcw  /110
08-5379,ESSFwv   /01
08-7095,ESSFdk 2 /112
08-7602,ESSFmcw  /102
08-7603,ESSFmcw  /110
08-7604,ESSFwvw  /101
08-7605,ESSFwvw  /110
08-7606,ESSFwvw  /104
08-7608,ESSFmcw  /101
08-7609,ESSFmcw  /102
08-7610,ESSFwvw  /103
08-7611,ESSFwvw  /102
08-7612,ESSFmcw  /110
08-7613,ESSFmcw  /110
08-7614,ESSFwvw  /111
08-7615,ESSFwvw  /101
08-7618,ESSFwv   /03
08-7619,ESSFwvw  /103
08-7620,ESSFwvw  /110
08-7623,ESSFwvw  /110
08-7624,ESSFwvw  /103
08-7625,ESSFmkw  /104
08-7626,ESSFmkw  /103
08-7627,ESSFmkw  /102
08-7628,ESSFmkw  /101
08-7629,ESSFmkw  /104
08-7630,ESSFmkw  /103
08-7631,ESSFmkw /104
08-7634,ESSFwvw  /101
08-7635,ESSFwvw  /102
08-7636,ESSFmkw  /104
08-7637,ESSFmkw  /103
08-7638,ESSFmk   /05
08-7639,ESSFmkw  /104
08-7640,ESSFmkw  /102
08-7645,ESSFmkw  /110
08-7646,ESSFmkw  /111
08-7653,ESSFwvw  /104
08-7654,ESSFwvw  /101
08-7656,ESSFwvw  /111
08-7657,ESSFwvw  /103
08-7659,ESSFwvw  /110
08-7661,ESSFwvw  /105
08-7662,ESSFmkw  /110
08-7663,ESSFmkw  /111
08-7666,ESSFmkw  /110
08-7668,ESSFwvw  /111
08-7670,ESSFwvw  /101
08-7671,ESSFmkw  /110
08-7673,ESSFmkw  /101
08-7674,ESSFmkw  /111
08-7675,ESSFmkw  /101
08-7676,ESSFmkw  /110
08-7678,ESSFmkw  /101
08-7681,ESSFmkw  /111
08-7682,ESSFmkw  /104
08-7683,ESSFmkw  /103
08-7684,ESSFmkw  /110
08-7685,ESSFwvw  /111
08-7690,ESSFwvw  /104
08-7691,ESSFwvw  /110
08-7801,ESSFwh 1 /110.1
08-7807,ESSFdc 1 /111
08-7808,ESSFdc 1 /111
08-7812,ESSFwc 4 /103b
08-7814,ESSFwh 1 /101
08-7815,ESSFwc 4 /103a
08-7817,ESSFwc 4 /103b
08-7818,ESSFwh 1 /103
08-7821,ESSFwh 2 /104
08-7822,ESSFwh 2 /112
08-7823,ESSFwh 2 /101
08-7824,ESSFwh 2 /101
08-7827,ESSFwm 2 /110
08-7828,ESSFwm 2 /110
08-7829,ESSFwm 1 /110
08-7830,ESSFwm 1 /101
08-7832,ESSFwm 1 /110
08-7835,ESSFwm 1 /104
08-7836,ESSFwm 1 /111
08-7837,ESSFwm 1 /101
08-7839,ESSFwm 1 /110
08-7840,ESSFwm 1 /110
08-7841,ESSFwm 1 /110
08-7842,ESSFwm 1 /101
08-7843,ESSFwm 1 /101
08-7844,ESSFwm 1 /103
08-7845,ESSFwm 1 /101
08-7846,ESSFwcw  /102
08-7847,ESSFwc 4 /103a
08-7848,ESSFwh 1 /102
08-7849,ESSFwh 1 /104
08-7850,ESSFwh 1 /101
08-7851,ESSFwh 1 /110.2
08-7852,ESSFwh 1 /110.1
08-7853,ESSFwh 1 /111
08-7855,ESSFwh 1 /110.2
08-7857,ESSFwh 1 /101
08-7858,ESSFwh 1 /104
08-7859,ESSFwh 2 /101
08-7860,ESSFwh 2 /104
08-7867,ESSFwc 4 /103b
08-7868,ESSFwc 4 /101
08-7870,ESSFwh 1 /101
08-7871,ESSFwh 1 /101
08-7872,ESSFwh 1 /110.1
08-7873,ESSFwcw  /101
08-7875,ESSFwcw  /110
08-7876,ESSFwc 4 /101
08-7877,ESSFwh 1 /101
08-7878,ESSFwh 1 /101
08-7879,ESSFwh 1 /111
08-7880,ESSFwcw  /103
08-7881,ESSFwc 4 /103b
08-7882,ESSFwc 4 /111
08-7883,ESSFwc 4 /102
08-7884,ESSFwc 4 /103a
08-7885,ESSFwc 4 /101
08-7886,ESSFwh 1 /111
08-7887,ESSFwh 1 /110.2
08-7888,ESSFwh 1 /110.2
08-7889,ESSFwc 4 /103b
08-7890,ESSFwc 4 /102
08-7891,ESSFwc 4 /110
08-7892,ESSFwh 1 /101
08-7893,ESSFwh 1 /111
08-7895,ESSFwc 4 /103b
08-7896,ESSFdc 1 /101
08-7897,ESSFdc 1 /104
08-7898,ESSFmh   /112
08-7900,ESSFwc 4 /101
08-7905,ESSFmm 3 /111
08-7906,ESSFmm 3 /101
08-7918,ESSFmm 3 /101
08-7919,ESSFmm 3 /101
08-7935,ESSFmm 3 /111
08-7936,ESSFmm 3 /101
08-7937,ESSFmm 3 /110
08-7938,ESSFmm 3 /112
08-7939,ESSFmm 3 /110
08-7981,ESSFwh 2 /103
08-7982,ESSFwh 2 /102
08-7983,ESSFwm 2 /110
08-7984,ESSFwm 2 /104
08-7985,ESSFwm 2 /104
08-7986,ESSFwh 2 /104
08-7987,ESSFwh 2 /104
08-7988,ESSFwh 2 /103
08-7989,ESSFwm 2 /103
08-7990,ESSFwm 2 /110
08-8003,ESSFwm 2 /101
08-8004,ESSFwm 2 /103
08-8005,ESSFwm 2 /110
08-8012,ESSFwm 1 /110
08-8017,ESSFwm 1 /101
08-8018,ESSFwm 1 /112
08-8019,ESSFwm 1 /110
08-8020,ESSFwm 1 /111
08-8021,ESSFwm 1 /104
08-8027,ESSFwc 4 /111
08-8028,ESSFwh 1 /101
08-8029,ESSFwh 1 /104
08-8032,ESSFwh 1 /110.2
08-8033,ESSFwh 1 /101
08-8034,ESSFwh 1 /101
08-8036,ESSFwc 4 /111
08-8037,ESSFwc 4 /112(Ws08)
08-8040,ESSFwmw  /103
08-8041,ESSFwmw  /102
08-8042,ESSFwm 2 /101
08-8045,ESSFwmw  /101
08-8046,ESSFwmw  /103
08-8047,ESSFwmw  /103
08-8048,ESSFwmw  /101
08-8049,ESSFwmw  /103
08-8050,ESSFwm 2 /103
08-8051,ESSFwh 2 /103
08-8054,ESSFwmw  /103
08-8055,ESSFwm 2 /112
08-8056,ESSFwm 2 /111
08-8057,ESSFwh 1 /101
08-8058,ESSFwh 1 /110.2
08-8059,ESSFwh 1 /101
08-8060,ESSFwc 4 /110
08-8061,ESSFwc 4 /103a
08-8062,ESSFwcw  /103
08-8063,ESSFwcw  /101
08-8064,ESSFwh 1 /103
08-8065,ESSFwh 1 /102
08-8066,ESSFwh 1 /103
08-8068,ESSFwmw  /102
08-8069,ESSFwmw  /101
08-8070,ESSFwm 2 /104
08-8071,ESSFwm 2 /110
08-8072,ESSFwm 2 /112
08-8073,ESSFwm 2 /101
08-8074,ESSFwm 2 /101
08-8076,ESSFwcw  /103
08-8077,ESSFwcw  /104.1
08-8078,ESSFwcw  /103
08-8081,ESSFwc 4 /103b
08-8087,ESSFwcw  /103
08-8088,ESSFwcw  /102
08-8089,ESSFwcw  /103
08-8090,ESSFwc 4 /101
08-8093,ESSFwc 4 /101
08-8094,ESSFwcw  /102
08-8095,ESSFwcw  /103
08-8096,ESSFwc 4 /103a
08-8097,ESSFwc 4 /111
08-8098,ESSFwc 4 /111
08-8201,ESSFmm 3 /111
08-8202,ESSFmm 3 /101
08-8204,ESSFmm 3 /101
08-8210,ESSFmm 3 /101
08-8304,ESSFmm 3 /110
08-8324,ESSFmm 3 /101
08-8325,ESSFmm 3 /111
08-8345,ESSFvc   /111
08-8354,ESSFvc   /111
08-8363,ESSFdcw  /101
08-8364,ESSFdcw  /110
08-8365,ESSFdcw  /103
08-8366,ESSFdc 1 /104
08-8367,ESSFmh   /111
08-8368,ESSFmh   /110
08-9208,ESSFwcw  /103
08-9210,ESSFwh 1 /104
08-9213,ESSFwmw  /101
08-9214,ESSFwmw  /101
08-9215,ESSFwh 2 /102
08-9218,ESSFwcw  /103
08-9219,ESSFwcw  /110
08-9220,ESSFwc 4 /111
08-9221,ESSFwh 1 /102
08-9222,ESSFwh 1 /101
08-9224,ESSFwcw  /103
08-9226,ESSFwcw  /104.1
08-9227,ESSFwc 4 /101
08-9228,ESSFwc 4 /110
08-9229,ESSFwh 1 /101
08-9260,ESSFwh 1 /103
08-9261,ESSFwcw  /103
08-9262,ESSFwc 4 /101
08-9263,ESSFwc 4 /101
08-9264,ESSFwc 4 /111
08-9266,ESSFwh 1 /101
08-9275,ESSFwcw  /103
08-9276,ESSFwcw  /103
08-9278,ESSFwc 4 /103a
08-9279,ESSFwc 4 /111
08-9280,ESSFwh 1 /101
08-9283,ESSFvc   /111
08-D1,ESSFwm 3 /101
08-D111,ESSFwm 3 /104
08-D113,ESSFwm 3 /110
08-D115,ESSFwh 3 /101
08-D117,ESSFwh 3 /101
08-D18,ESSFwm 3 /111
08-D21,ESSFwm 3 /103
08-D23,ESSFwm 3 /111
08-D24,ESSFwh 3 /101
08-D26,ESSFwh 3 /110
08-D32,ESSFwm 3 /104
08-D34,ESSFwmw  /103
08-D35,ESSFwmw  /102
08-D36,ESSFwmw  /101
08-D4,ESSFwm 3 /103
08-D42,ESSFwm 3 /101
08-D45,ESSFwm 3 /110
08-D47,ESSFwm 3 /111
08-D51,ESSFwm 3 /104
08-D52,ESSFwm 3 /103
08-D55,ESSFwm 3 /103
08-D56,ESSFwh 3 /103
08-D68,ESSFwm 3 /101
08-D69,ESSFwm 3 /105
08-D7,ESSFwm 3 /103
08-D71,ESSFwh 3 /104.1
08-D73,ESSFwm 4 /102b
08-D74,ESSFwh 3 /110
08-D77,ESSFwh 3 /110
08-D89,ESSFwm 4 /101
08-D92,ESSFwh 3 /101
08-D93,ESSFwh 3 /110
08-D94,ESSFwm 3 /103
08-D97,ESSFwm 4 /103.1
0924013,ESSFwm 4 /103.1
10001,ESSFwm 3 /110
10002,ESSFwm 3 /111
10005,ESSFwh 3 /103
10006,ESSFwh 3 /104.2
10009,ESSFwh 3 /104.2
10010,ESSFwh 3 /110
10016,ESSFwh 3 /110
10019,ESSFwh 3 /110
10031,ESSFwm 3 /111
10037,ESSFwh 3 /103
10041,ESSFwh 3 /110
10093,ESSFwh 3 /103
10094,ESSFwm 3 /103
10095,ESSFwm 3 /103
10096,ESSFwm 3 /111
10097,ESSFwmw  /101
1019-3,ESSFmh   /112
1030-2,ESSFmh   /103
104780,ESSFmcw  /110
104880,ESSFmc   /06
105180,ESSFmc   /07
1086-1,ESSFdc 1 /101
1086-3,ESSFdc 1 /111
108680,ESSFmc   /01
1093-1,ESSFmh   /105
1102-1,ESSFmh   /104
1137-2,ESSFmh   /101
11-4032,ESSFmm 3 /101
11-4033,ESSFmm 3 /110
11-4081,ESSFdc 1 /110
11-4082,ESSFdc 1 /101
11-4083,ESSFmh   /105
11-4096,ESSFmh   /101
11-4097,ESSFmh   /110
11-5040,ESSFdcw  /103
11-5041,ESSFdcw  /110
11-5042,ESSFdc 1 /104
11-5043,ESSFdc 1 /111
11-5047,ESSFdcw  /103
11-5048,ESSFdc 1 /110
11-5049,ESSFdc 1 /101
11-5056,ESSFmh   /103
11-5057,ESSFdc 1 /110
11-5058,ESSFdc 1 /111
11-5059,ESSFdc 1 /101
11-5060,ESSFmm 3 /101
116980,ESSFwv   /03
118380,ESSFwv   /06
11-9080,ESSFvk   /112
11-9660,ESSFmm 1 /01
119980,ESSFmk   /03
120080,ESSFmk   /03
120478,ESSFmc   /07
120880,ESSFmk   /03
12-0947,ESSFmm 1 /01
12-0965,ESSFmm 1 /01
12-0966,ESSFmm 1 /01
120978,ESSFmcw  /110
121180,SBS mc 2 /10Ws07
121378,ESSFmc   /01
121478,ESSFmc   /06
121580,ESSFmc   /01
121778,ESSFwv   /01
121878,ESSFwv   /06
124578,ESSFwv   /01
12-5579,ESSFmm 1 /05
12-5582,ESSFmm 1 /01
12-5585,ESSFmm 1 /01
12-6302,ESSFmm 3 /111
12-6303,ESSFmm 3 /101
12-6349,ESSFmm 3 /103
12-6350,ESSFmm 3 /102
12-6351,ESSFmm 3 /103
12-6352,ESSFmm 3 /102
12-6353,ESSFmm 3 /102
128-A,ESSFwcw  /103
128-C,ESSFwcw  /103
12-9026,ESSFwm 1 /101
12-9028,ESSFwm 1 /104
12-9033,ESSFwm 1 /110
12-9034,ESSFwm 1 /112
1294-3,ESSFmh   /103
12-9902,ESSFmm 3 /103
12-9910,ESSFmm 3 /111
12-9915,ESSFwm 1 /104
12-9917,ESSFwm 1 /103
12-9924,ESSFwm 1 /111
12-9925,ESSFwm 1 /101
12-9926,ESSFwm 1 /112
12-9927,ESSFwm 1 /104
12-9929,ESSFwm 1 /103
12-9930,ESSFwm 1 /110
131578,ESSFmc   /07
145180,ESSFwk 1 /06
1600400,ESSFmh   /104
160981,ESSFmc   /04
161778,ESSFmk   /03
163278,ESSFmk   /02
163478,ESSFmk   /01
163978,ESSFmkw  /102
164478,ESSFwv   /01
164878,ESSFwv   /01
164978,ESSFwv   /01
165078,ESSFwv   /01
257-1,ESSFwh 1 /103
2812192,ESSFwh 3 /110
28448,ESSFwh 3 /104.2
29478,ESSFwcw  /101
29482,ESSFwc 2 /05
29489,ESSFwc 2 /01
302350,ESSFwv   /05
302550,ESSFmcw  /102
371-B,ESSFwh 1 /101
411379,ESSFmkw  /110
411579,ESSFmcw  /110
411679,ESSFmkw  /102
412479,ESSFwv   /06
413679,ESSFwvw  /105
413779,ESSFwv   /01
414479,ESSFwv   /06
415079,ESSFmc   /01
415279,ESSFwv   /03
415379,ESSFwv   /01
415479,ESSFwv   /09
415579,ESSFwv   /01
416979,ESSFwv   /01
417179,ESSFwv   /01
417279,ESSFwv   /06
417379,ESSFwv   /05
417479,ESSFwv   /03
417579,ESSFwv   /01
417679,ESSFwv   /01
418679,ESSFmcw  /111
418879,ESSFmc   /01
419179,ESSFmcw  /101
419-3,ESSFwh 1 /104
420079,ESSFmc   /01
427379,ESSFwv   /01
427479,ESSFwv   /05
427579,ESSFwv   /01
439279,ESSFmc   /04
441379,ESSFwv   /01
447379,ESSFmc   /04
447479,ESSFmc   /01
449379,ESSFwv   /01
477-3,ESSFmh   /105
504-2,ESSFdc 1 /110
504-3,ESSFdc 1 /101
511-A,ESSFmh   /111
511-C,ESSFmh   /101
523-3,ESSFmh   /101
537-1,ESSFmh   /110
537-2,ESSFmh   /110
537-3,ESSFmh   /110
5760117,ESSFwk 2 /02
5760163,ESSFmv 2 /01
5760165,ESSFmv 2 /01
5760230,ESSFmv 2 /01
5760254,ESSFwk 2 /03
5760255,ESSFwk 2 /03
5760256,ESSFwk 2 /03
5760257,ESSFwk 2 /03
5760258,ESSFwk 2 /03
5760259,ESSFwk 2 /03
5760261,ESSFwk 2 /01
5760271,ESSFwk 2 /03
5760396,ESSFmv 2 /01
5760444,ESSFmv 2 /03
5760472,ESSFmv 2 /01
5760531,ESSFwk 2 /02
5760534,ESSFwk 2 /05
5760565,ESSFmv 2 /04
5760566,ESSFmv 2 /04
5760653,ESSFmv 2 /03
5760717,ESSFmv 2 /04
5760728,ESSFmv 2 /04
5760729,ESSFmv 2 /04
5760771,ESSFmv 2 /05
5760829,ESSFmv 2 /01
5760852,ESSFmv 2 /04
5760854,ESSFwk 2 /01
5760902,ESSFmv 2 /04
5760914,ESSFmv 2 /04
5760947,ESSFwk 2 /03
5760968,ESSFmv 2 /01
5760973,ESSFmv 2 /01
5761004,ESSFmv 2 /02
5761010,ESSFmv 2 /01
5761043,ESSFmv 2 /03
5761055,ESSFmv 2 /01
653-B,ESSFwh 1 /101
698-C,ESSFmh   /110
6CS10,ESSFmc   /02
6CS107,ESSFmc   /02
6CS10A,ESSFmc   /02
6CS113,ESSFmc   /02
6CS115,ESSFmc   /10
6CS72,ESSFmc   /10
6CS75,ESSFmc   /10
6CS79,ESSFmc   /09
6CS80,ESSFmc   /02
6CS81,ESSFmc   /02
703750,ESSFmcw  /110
716-1,ESSFmh   /103
716-2,ESSFmh   /110
725-1,ESSFmh   /105
739-3,ESSFmh   /104
762176,ESSFmw 2 /101.1
762177,ESSFmw 2 /110.1
762185,ESSFdh 2 /111
762202,ESSFdh 1 /101
762213,ESSFdc 2 /110
762217,ESSFdc 2 /101
762218,ESSFdc 2 /110
762261,ESSFmw 1 /101.2
762282,ESSFdc 2 /101
762283,ESSFdc 2 /110
762287,ESSFdc 2 /110
762289,ESSFmw 1 /101.1
762295,ESSFmw 1 /110
762299,ESSFmw 1 /111
762300,ESSFmw 1 /103
764-A,ESSFwcw  /104.1
770016,ESSFdh 2 /101
770024,ESSFmw 2 /101.1
770045,ESSFmw 2 /101.1
770048,ESSFxc 3 /110
770056,ESSFdv 2 /101
770065,ESSFdv 2 /111
770076,ESSFdv 2 /110
770083,ESSFdv 2 /101
770104,ESSFxc 2 /110
770135,ESSFxc 2 /101
770136,ESSFxc 2 /101
770139,ESSFdc 2 /101
770203,ESSFmw 2 /101.2
770204,ESSFmw 2 /110.2
770206,ESSFxc 3 /110
770218,ESSFdv 2 /101
770228,ESSFdv 1 /101
770236,ESSFdv 2 /110
770249,ESSFxc 2 /112
770262,ESSFdc 3 /101  
770263,ESSFdc 3 /101  
780348,ESSFdc 2 /101
780355,ESSFdc 2 /104a
780361,ESSFdc 2 /110
780382,ESSFdc 2 /110
780384,ESSFdc 2 /110
780385,ESSFdc 2 /101
780389,ESSFxc 2 /101
780419,ESSFdc 2 /101
780432,ESSFdc 2 /101
780463,ESSFdc 2 /110
780464,ESSFdc 2 /101
780479,ESSFxc 2 /110
7900741,ESSFwk 1 /06
7900770,ESSFwk 1 /03
7900771,ESSFwk 1 /07
7900778,ESSFwk 1 /05
7900779,ESSFwk 1 /01
7900780,ESSFwk 1 /01
7900781,ESSFwk 1 /02
7900787,ESSFwk 1 /05
7900792,ESSFwk 1 /02
7900807,ESSFwk 1 /05
7900810,ESSFwk 1 /04
7900812,ESSFwk 1 /05
7900820,ESSFwk 1 /01
7900821,ESSFwk 1 /05
7900838,ESSFwk 1 /01
7900839,ESSFwk 1 /03
7900840,ESSFwk 1 /05
7900841,ESSFwk 1 /05
7900848,ESSFdc 3 /104
7900850,ESSFdc 3 /111
790537,ESSFwc 2 /04
790555,ESSFwc 2 /03
790584,ESSFwc 2 /03
790585,ESSFwc 2 /01
790586,ESSFwc 2 /01
790587,ESSFwc 2 /01
790588,ESSFwc 2 /04
790596,ESSFwc 2 /01
790598,ESSFwcw  /104.2
790704,ESSFwc 2 /03
790710,ESSFwc 2 /04
790711,ESSFdc 3 /110
790712,ESSFdc 3 /104
790720,ESSFwc 2 /04
790724,ESSFwc 2 /01
790725,ESSFwc 2 /03
790726,ESSFwc 2 /04
790731,ESSFwc 2 /05
790736,ESSFwcw  /101
790738,ESSFwcw  /104.2
790739,ESSFwcw  /103
790740,ESSFwc 2 /01
790746,ESSFwc 2 /04
790748,ESSFwc 2 /04
790755,ESSFwc 2 /01
790760,ESSFwc 2 /01
790761,ESSFvv   /03
790762,ESSFwc 2 /07
790763,ESSFwc 2 /01
790765,ESSFwc 2 /09
790767,ESSFwc 2 /01
790783,ESSFwc 2 /01
790784,ESSFwc 2 /01
790785,ESSFwc 2 /01
790786,ESSFwc 2 /01
790788,ESSFwc 2 /05
790790,ESSFwc 2 /04
790792,ESSFwc 2 /05
790796,ESSFwc 2 /05
790798,ESSFwc 2 /07
8000522,ESSFwk 1 /04
8000524,ESSFwk 1 /04
8000525,ESSFwk 1 /01
8000526,ESSFwk 1 /01
8000531,ESSFwk 1 /02
8000532,ESSFwk 1 /02
8000533,ESSFwk 1 /01
8000539,ESSFwk 1 /01
8000540,ESSFwk 1 /01
8000544,ESSFwk 1 /03
8000547,ESSFwk 1 /02
8000561,ESSFwk 1 /01
8000562,ESSFwk 1 /05
8000571,ESSFwk 1 /04
8000575,ESSFwk 1 /01
8000579,ESSFwk 1 /02
8000580,ESSFwk 1 /01
8000583,ESSFwk 1 /01
8000594,ESSFwk 1 /03
8000595,ESSFwk 1 /05
8000600,ESSFwk 1 /02
8000608,ESSFwk 1 /07
8000613,ESSFwk 1 /01
8000618,ESSFwk 1 /01
8000619,ESSFwk 1 /03
8000620,ESSFwk 1 /01
8000621,ESSFwk 1 /04
8000623,ESSFwk 1 /04
8000625,ESSFwk 1 /04
8000626,ESSFwk 1 /04
8000628,ESSFwk 1 /03
8000629,ESSFwk 1 /05
8000631,ESSFwk 1 /01
8000632,ESSFwk 1 /02
8000633,ESSFwk 1 /02
8000634,ESSFwk 1 /02
8000635,ESSFwk 1 /02
8000637,ESSFwk 1 /03
8000638,ESSFwk 1 /01
8000639,ESSFwk 1 /05
8000641,ESSFwk 1 /04
8000643,ESSFwk 1 /04
8000644,ESSFwk 1 /01
8000645,ESSFwk 1 /01
8000646,ESSFwk 1 /04
8000647,ESSFwk 1 /04
8000668,ESSFwk 1 /01
8000670,ESSFwk 1 /03
8000672,ESSFwk 1 /01
8000674,ESSFwk 1 /03
8000678,ESSFwk 1 /07
8000681,ESSFwk 1 /02
8000682,ESSFwk 1 /01
8000683,ESSFwk 1 /04
8000685,ESSFwk 1 /05
8000687,ESSFwk 1 /05
8000688,ESSFwk 1 /01
8000689,ESSFwk 1 /01
8000690,ESSFwk 1 /02
8000692,ESSFwk 1 /07
8000695,ESSFwk 1 /02
8000699,ESSFwk 1 /03
8001452,ESSFwk 1 /01
8001453,ESSFwk 1 /02
8001455,ESSFwk 1 /04
8001456,ESSFwk 1 /01
8001459,ESSFwk 1 /05
8001464,ESSFwk 1 /02
8001466,ESSFwk 1 /03
8001471,ESSFwk 1 /04
8001473,ESSFwk 1 /03
800817,ESSFwc 2 /01
800828,ESSFdc 3 /111
800829,ESSFdc 3 /104
800861,ESSFwc 2 /04
800865,ESSFwc 2 /01
800872,ESSFwh 1 /110.2
800880,ESSFwcw  /104.2
800881,ESSFwcw  /103
800882,ESSFwcw  /101
800883,ESSFwc 2 /01
800884,ESSFwc 2 /01
800887,ESSFwc 2 /01
800890,ESSFwc 2 /03
800894,ESSFwc 4 /110
800912,ESSFdc 3 /101  
800920,ESSFwh 1 /111(Ws08)
800934,ESSFwc 2 /01
800936,ESSFwc 2 /01
800938,ESSFwc 2 /01
800939,ESSFwc 2 /03
800940,ESSFwc 2 /01
800941,ESSFwc 2 /01
800942,ESSFwc 2 /01
800943,ESSFvc   /01
800946,ESSFwc 2 /03
800947,ESSFwc 2 /03
800954,ESSFdc 3 /110
800995,ESSFwc 2 /01
800997,ESSFwcw  /101
800998,ESSFvv   /01
800999,ESSFwc 2 /01
8012681,ESSFwk 1 /02
8012682,ESSFwk 1 /02
8012683,ESSFwk 1 /02
8012684,ESSFwk 1 /02
811050,ESSFxc 2 /101
811057,ESSFdc 2 /101
811058,ESSFdc 2 /110
8206535,ESSFwk 2 /02
821097,ESSFxc 1 /110
8211181,ESSFwvw  /110
8211183,ESSFwv   /07
8211184,ESSFmc   /05
821245,ESSFxc 1 /110
821253,ESSFxc 1 /101
821256,ESSFxc 1 /110
821257,ESSFxc 1 /111
821263,ESSFxc 1 /101
8218017,ESSFmk   /04
8218018,ESSFmcw  /110
8218022,ESSFmcw  /110
8218023,ESSFmk   /01
8218024,ESSFmkw  /102
8218025,ESSFmk   /01
8218026,ESSFmk   /03
8218031,ESSFmc   /01
8218032,ESSFmcw  /110
8218033,ESSFmc   /01
8218034,ESSFmc   /04
8218035,ESSFmc   /01
8218036,ESSFmc   /09
8218037,ESSFmcw  /101
8218038,ESSFmcw  /101
8218039,ESSFmc   /10
8218040,ESSFmcw  /102
8218041,ESSFmc   /01
8218042,ESSFmc   /02
8218044,ESSFmcw  /110
8218045,ESSFwv   /04
8218046,ESSFwv   /04
8218047,ESSFmc   /06
8218048,ESSFmcw  /102
8218049,ESSFmc   /04
8218050,ESSFwv   /09
8218051,ESSFwvw  /110
8218052,ESSFwvw  /101
8218054,ESSFmcw  /110
8218055,ESSFwv   /06
8218056,ESSFmcw  /103
8218057,ESSFwvw /103
8218058,ESSFmk   /01
8218059,ESSFmk   /07
8218060,ESSFmk   /05
8218061,ESSFmc   /01
8218062,ESSFmc   /04
8218065,ESSFmc   /05
8218070,ESSFmcw  /103
8218071,ESSFmc   /10
8218072,ESSFmcw  /102
8218073,ESSFmcw  /101
8218074,ESSFmcw  /102
8218075,ESSFmcw  /103
8218077,ESSFwv   /06
8218078,ESSFwv   /01
8218080,ESSFmcw  /110
8218081,ESSFmc   /07
8218082,ESSFmk   /06
8218083,ESSFmk   /01
8218084,ESSFmk   /02
8218085,ESSFmkw  /103
8218086,ESSFmk   /06
8218087,ESSFwvw  /110
8218088,ESSFwvw /103
8218089,ESSFwv   /07
8218090,ESSFwv   /06
8218092,ESSFwv   /05
8218093,ESSFmc   /06
8218094,ESSFmc   /01
8218095,ESSFmc   /10
8218096,ESSFwvw  /101
8218097,ESSFwv   /06
8218099,ESSFwv   /05
8218100,ESSFwvw  /103
8228708,ESSFmc   /09
8228709,ESSFwv   /05
8228710,ESSFwv   /06
8228711,ESSFmk   /02
8228712,ESSFmk   /04
8228713,ESSFmk   /03
8228714,ESSFmk   /02
8228715,ESSFmc   /04
8228716,ESSFmk   /01
8228717,ESSFmk   /01
8228718,ESSFmk   /05
8228719,ESSFmc   /09
8228721,ESSFmc   /10
8228722,ESSFwv   /05
8228723,ESSFwv   /09
8228724,ESSFwvw  /110
8230612,ESSFwvw  /101
8230624,ESSFmc   /07
832101,ESSFdc 2 /104a
832102,ESSFdc 2 /110
832104,ESSFdc 2 /104a
832106,ESSFdc 2 /104a
832107,ESSFdc 2 /104a
832108,ESSFdc 2 /104a
832110,ESSFdc 2 /104a
832111,ESSFdc 2 /106
832112,ESSFdc 2 /104a
832114,ESSFdc 2 /111
832116,ESSFdc 2 /106
832117,ESSFdc 2 /104a
832120,ESSFdc 2 /101
832201,ESSFdc 2 /104a
832202,ESSFdc 2 /106
832204,ESSFdc 2 /110
832209,ESSFdc 2 /106
832302,ESSFdc 2 /110
832304,ESSFdc 2 /111
832305,ESSFdc 2 /110
832307,ESSFdc 2 /106
832308,ESSFdc 2 /111
832312,ESSFdc 2 /104b
832314,ESSFdc 2 /110
832316,ESSFdc 2 /110
832319,ESSFdcw  /103
832320,ESSFdc 2 /110
841705,ESSFxc 2 /101
8428926,ESSFmv 4 /04
8428927,ESSFmv 4 /01
8428928,ESSFmv 4 /01
8428929,ESSFmv 4 /04
8428930,ESSFmv 4 /01
8428932,ESSFmv 4 /02
8428936,ESSFmv 4 /01
8428940,ESSFmv 4 /01
8428941,ESSFmv 4 /04
8428949,ESSFmv 4 /03
8428959,ESSFmv 4 /01
8428968,ESSFmv 4 /02
8428976,ESSFmv 4 /01
84HF01,ESSFxc 2 /101
84HF02,ESSFxc 2 /111
84HF03,ESSFxc 2 /103a
84HF08,ESSFxc 2 /112
84HF09,ESSFxc 2 /111
84HF10,ESSFxc 2 /101
84HF11,ESSFxc 2 /101
84HF16,ESSFxc 2 /101
84HF18,ESSFxc 2 /101
84HF19,ESSFxc 2 /112
84HF20,ESSFxc 2 /110
84HF21,ESSFxc 2 /111
84HF22,ESSFxc 2 /101
84HF23,ESSFxc 2 /103a
84HF25,ESSFxc 2 /101
84HF26,ESSFxc 2 /101
84HF28,ESSFxc 2 /111
84HF30,ESSFxc 2 /103a
84HF31,ESSFxc 2 /110
84HF32,ESSFxc 2 /103a
84HF33,ESSFxc 2 /110
84HF35,ESSFxc 2 /110
84HF36,ESSFxc 2 /101
84HF37,ESSFxc 2 /111
84HF38,ESSFxc 2 /103a
84HF39,ESSFxc 2 /111
84HF42,ESSFxc 2 /103a
84HF44,ESSFxc 2 /112
84HF45,ESSFxc 2 /101
84HF46,ESSFxc 2 /101
84HF48,ESSFxc 2 /103a
84HF49,ESSFxc 2 /110
84HF50,ESSFxc 2 /103a
84HF51,ESSFxc 2 /101
84RC103,ESSFxv 1 /06
851903,ESSFdc 3 /101  
851906,ESSFdc 2 /101
851911,ESSFxc 2 /101
851920,ESSFdc 2 /101
851921,ESSFdc 2 /110
851923,ESSFdc 2 /104b
851924,ESSFdc 2 /104b
851936,ESSFdc 2 /101
851937,ESSFdc 2 /105
851938,ESSFdc 2 /104a
851939,ESSFdc 2 /110
852013,ESSFmh   /105
8528917,ESSFmv 4 /01
8528919,ESSFmv 4 /03
8528920,ESSFmv 4 /04
8528921,ESSFmv 4 /01
8528922,ESSFmv 4 /01
8528924,ESSFmv 4 /03
8529285,ESSFmv 3 /01
8529286,ESSFmv 3 /04
8529293,ESSFmv 3 /07
8529402,ESSFmv 2 /04
8529406,ESSFmv 2 /02
8529412,ESSFmv 2 /04
8529416,ESSFmv 2 /04
8529418,ESSFmv 2 /02
8529475,ESSFmv 4 /03
8529542,ESSFmv 2 /03
8529552,ESSFmv 4 /03
8529602,ESSFmv 2 /03
8529608,ESSFmv 2 /01
8529616,ESSFmv 2 /01
8529631,ESSFmv 2 /03
8529639,ESSFmv 2 /01
8529643,ESSFmv 2 /03
8529692,ESSFmv 2 /02
8529693,ESSFmv 2 /03
8529713,ESSFmv 3 /01
8529728,ESSFmv 3 /08
8529731,ESSFmv 3 /01
8529738,ESSFmv 3 /01
8529740,ESSFmv 3 /01
8529741,ESSFmv 3 /01
8529743,ESSFmv 3 /05
8529746,ESSFmv 3 /01
8529754,ESSFmv 3 /01
8529755,ESSFmv 3 /01
8529764,ESSFmv 4 /01
8529765,ESSFmv 4 /03
8529772,ESSFmv 4 /04
8529773,ESSFmv 4 /01
8529774,ESSFmv 4 /02
8529792,ESSFmv 4 /01
8529794,ESSFmv 4 /04
8529795,ESSFmv 4 /05
8529796,ESSFmv 4 /01
8529798,ESSFmv 4 /01
8529799,ESSFmv 4 /01
8529800,ESSFmv 4 /01
85DL001,ESSFdv 1 /101
85DL008,ESSFdv 2 /111
85DL009,ESSFdv 2 /102
85DL010,ESSFdv 2 /104
85DL011,ESSFdv 2 /104
85DL012,ESSFdv 2 /110
85DL013,ESSFdv 2 /101
85DL016,ESSFdv 1 /101
85DL018,ESSFdv 2 /101
85DL019,ESSFdv 2 /104
85DL020,ESSFdv 2 /102
85DL021,ESSFdv 2 /101
85DL022,ESSFdv 2 /104
85DL024,ESSFdv 2 /110
85GB04,ESSFxc 2 /Ws12  
85GB05,ESSFxc 2 /103a
85GB06,ESSFxc 2 /110
85GB11,ESSFxc 2 /103b
85GB12,ESSFxc 2 /103b
85GB14,ESSFxc 2 /103a
85GB15,ESSFxc 2 /103a
85GB16,ESSFxc 2 /110
85GB17,ESSFxc 2 /101
85GB18,ESSFxc 2 /111
85GB19,ESSFxc 2 /103a
85GB20,ESSFxc 2 /111
85GB21,ESSFxc 2 /112
85GB24,ESSFxc 2 /103a
85GB26,ESSFxc 2 /110
85GB29,ESSFxc 2 /101
85GB30,ESSFxc 2 /103a
85GB31,ESSFxc 2 /103a
85GB33,ESSFxc 2 /101
85GB35,ESSFxc 2 /103a
85GB36,ESSFxc 2 /103a
85GB37,ESSFxc 2 /103a
85GB38,ESSFxc 2 /103a
85GB39,ESSFxc 2 /111
85GB40,ESSFxc 2 /101
85GB46,ESSFxc 2 /103a
85GB47,ESSFxc 2 /103a
85GB53,ESSFxc 2 /103a
85GB54,ESSFxc 2 /111
85GB55,ESSFxc 2 /103a
85OS074,ESSFxv 1 /01
85OS078,ESSFxv 1 /01
85OS083,ESSFxv 1 /01
85RC052,ESSFxv 1 /06
85RC066,ESSFxv 1 /01
8606730,ESSFmv 1 /01
8606732,ESSFmv 1 /03
8606733,ESSFmv 1 /01
8629492,ESSFmv 1 /01
8629493,ESSFmv 1 /01
8629498,ESSFmv 1 /03
8629500,ESSFmv 1 /03
8630162,ESSFmv 2 /04
8630164,ESSFmv 4 /01
8630172,ESSFmv 2 /01
8630173,ESSFmv 2 /01
8630182,ESSFmv 4 /01
8630183,ESSFmv 4 /01
8630184,ESSFmv 4 /01
8630185,ESSFmv 4 /01
8630189,ESSFmv 2 /01
8630190,ESSFmv 2 /04
8630198,ESSFmv 2 /01
8630201,ESSFmv 3 /05
8630204,ESSFmv 3 /04
8630207,ESSFmv 3 /04
8630208,ESSFmv 3 /01
8630209,ESSFmv 3 /01
8630210,ESSFmv 3 /04
8630214,ESSFmv 3 /04
8630215,ESSFmv 3 /01
8630218,ESSFmv 3 /01
8630219,ESSFmv 3 /01
8630221,ESSFmv 3 /01
8630222,ESSFmv 3 /04
8630223,ESSFmv 3 /04
8630225,ESSFmv 3 /01
8630226,ESSFmv 3 /01
8630227,ESSFmv 3 /01
8630230,ESSFmv 3 /01
8630232,ESSFmv 3 /01
8630233,ESSFmv 3 /01
8630235,ESSFmv 3 /01
8630236,ESSFmv 3 /01
8630237,ESSFmv 3 /01
8630239,ESSFmv 3 /08
8630240,ESSFmv 3 /08
8630241,ESSFmv 3 /01
8630243,ESSFmv 3 /04
8630245,ESSFmv 3 /04
8630246,ESSFmv 3 /01
8630247,ESSFmv 3 /01
8630248,ESSFmv 3 /01
8630249,ESSFmv 3 /01
8630251,ESSFmv 3 /05
8630253,ESSFmv 3 /01
8630254,ESSFmv 3 /01
8630255,ESSFmv 3 /04
8630259,ESSFmv 3 /01
8630260,ESSFmv 3 /04
8630261,ESSFmv 3 /04
8630280,ESSFmv 4 /01
8630282,ESSFmv 4 /01
8630283,ESSFmv 4 /01
8630284,ESSFmv 4 /01
8630287,ESSFmv 4 /01
8630288,ESSFmv 3 /05
8630289,ESSFmv 3 /08
8630293,ESSFmv 3 /01
8630296,ESSFmv 3 /04
8630297,ESSFmv 3 /04
8630298,ESSFmv 3 /01
8630303,ESSFmv 1 /04
8630304,ESSFmv 1 /01
8630305,ESSFmv 1 /01
8630306,ESSFmv 1 /01
8630307,ESSFmv 1 /01
8630308,ESSFmv 1 /04
8630309,ESSFmv 1 /03
8630310,ESSFmv 1 /03
8630311,ESSFmv 1 /01
8630312,ESSFmv 1 /01
8630313,ESSFmv 1 /01
8630315,ESSFmv 1 /04
8630318,ESSFmv 1 /03
8630319,ESSFmv 1 /01
8630320,ESSFmv 1 /01
8630321,ESSFmv 1 /01
8630323,ESSFmv 1 /01
8630326,ESSFmv 1 /03
8630328,ESSFmv 1 /05
8630329,ESSFmv 1 /01
8630331,ESSFmv 1 /03
8630332,ESSFmv 1 /01
8630333,ESSFmv 1 /03
8630345,ESSFmv 3 /07
8630349,ESSFmv 3 /01
8630350,ESSFmv 3 /07
8630354,ESSFmv 3 /04
8630357,ESSFmv 3 /08
8717578,ESSFmv 3 /04
8717579,ESSFmv 3 /01
8717586,ESSFmv 3 /03
89CW009,ESSFvc   /04
89CW011,ESSFvc   /04
89CW015,ESSFvc   /04
8CS463,ESSFmcw  /111
8OK3799,ESSFmh   /101
8OK4597,ESSFmh   /101
8OK4599,ESSFdc 1 /112
9001E01,ESSFxv 1 /06
9001E02,ESSFxv 1 /06
9001E03,ESSFxv 1 /02
9001E04,ESSFxv 1 /06
9001E05,ESSFxv 1 /05
9001E06,ESSFxv 1 /04
9001E07,ESSFxv 1 /01
9001E08,ESSFxv 1 /07
9001E09,ESSFxv 1 /06
9001E10,ESSFxv 1 /06
9001E11,ESSFxv 1 /07
9001E12,ESSFxv 1 /06
9003E01,ESSFxv 1 /06
9003E02,ESSFxv 1 /06
9003E06,ESSFxv 1 /01
9003E08,ESSFxv 1 /04
9003E09,ESSFxv 1 /04
9003E8A,ESSFxv 1 /01
9003M02,MS  dc 2 /07
9003M04,MS  dc 2 /07
9003M05,MS  dc 2 /07
9004E03,ESSFxv 1 /05
9004E04,ESSFxv 1 /05
9004M07,MS  dc 2 /07
9005E01,ESSFxv 1 /04
9005E02,ESSFxv 1 /04
9005M03,MS  dc 2 /07
9006E01,ESSFxv 1 /07
9006E02,ESSFxv 1 /09
9006E03,ESSFxv 1 /02
9006E04,ESSFxv 1 /05
9006E05,ESSFxv 1 /07
905478,ESSFwv   /05
905978,ESSFwv   /05
906078,ESSFwv   /09
906178,ESSFwv   /05
906278,ESSFwv   /05
906378,ESSFwv   /05
906478,ESSFwv   /05
906578,ESSFwv   /01
906678,ESSFwv   /03
906778,ESSFwv   /05
90RC006,ESSFxv 1 /07
90RC010,ESSFxv 1 /01
90RC011,ESSFxv 1 /06
90RC013,ESSFxv 1 /06
90RC017,ESSFxv 1 /01
90RC020,MS  dc 2 /05
90RC033,MS  dc 2 /07
911778,ESSFwv   /05
911878,ESSFwv   /01
911978,ESSFwv   /09
912078,ESSFwv   /01
912178,ESSFwv   /03
912278,ESSFwvw  /101
912378,ESSFwvw  /104
912478,ESSFwv   /03
912578,ESSFwv   /05
912678,ESSFwv   /03
91HC002,ESSFxv 1 /01
91HC003,ESSFxv 1 /07
91HC008,ESSFxv 1 /01
91HC014,ESSFxv 1 /07
91HC017,ESSFxv 2 /01
91HC018,ESSFxv 2 /01
91MK002,ESSFxv 1 /06
91MK003,ESSFxv 1 /06
91MK015,MS  dc 2 /07
91MK016,MS  dc 2 /07
91MK017,MS  dc 2 /07
91MK019,ESSFxv 1 /06
91MK020,ESSFxv 1 /06
91MK021,ESSFxv 1 /08
91MK022,ESSFxv 1 /06
91MK035,ESSFxv 2 /01
91MK052,ESSFxv 1 /08
91MK053,ESSFxv 1 /01
91MK054,ESSFxv 1 /05
91MK065,ESSFxv 2 /01
91MK076,ESSFxv 2 /05
91MK089,ESSFxv 2 /06
91RC002,ESSFxv 2 /01
91RC005,ESSFxv 2 /01
91RC006,ESSFxv 2 /01
91RC009,ESSFxv 2 /06
91RC052,ESSFxv 2 /01
91RC054,ESSFxv 2 /01
9300330,ESSFxv 2 /01
9300333,ESSFxv 2 /10
9300374,ESSFxv 2 /01
93187,ESSFwcw  /104.1
93189,ESSFwc 4 /101
93193,ESSFwc 4 /110
93228,ESSFwh 1 /103
93237,ESSFwcw  /101
93238,ESSFwcw  /101
94-551,ESSFxc 1 /101
94-552,ESSFxc 1 /111
94-559,ESSFxc 1 /101
94-561,ESSFxc 1 /110
94-563,ESSFxc 1 /104
94-566,ESSFxc 1 /104
94-568,ESSFxc 1 /112
94-571,ESSFxc 1 /104
9523285,ESSFwm 3 /103
9523286,ESSFwm 3 /104
9523312,ESSFxc 1 /104
9523326,ESSFxc 1 /111
9616010,ESSFdk 2 /101
9616015,ESSFdkw  /101.1
9616062,ESSFdk 2 /104
9616774,ESSFxv 2 /01
9616834,ESSFxv 2 /01
9616837,ESSFxv 2 /06
9616839,ESSFxv 2 /01
9616843,ESSFxv 2 /08
9628509,ESSFmz   /01
9628523,ESSFmz   /01
9628548,ESSFmz   /01
9628549,ESSFmz   /01
9628555,ESSFmz   /01
9628570,ESSFmz   /01
9628749,MS  dk   /111b (Ws07)
9628876,Fl01
963085,ESSFxc 2 /112
964243,ESSFmm 1 /03
964244,ESSFmm 1 /02
964245,ESSFmm 1 /01
964273,ESSFdk 2 /104
964276,ESSFdk 2 /104
964277,ESSFdk 2 /101
964327,ESSFdk 2 /104
964328,ESSFdk 2 /111
964329,ESSFdk 2 /104
964403,ESSFdk 2 /101
964404,ESSFdk 2 /112
964406,ESSFdk 2 /101
964408,ESSFdk 2 /111
964420,ESSFdk 2 /104
964482,ESSFdkw  /102
964483,ESSFdkw  /101.2
964486,ESSFdkw  /101.2
964498,ESSFdk 2 /104
9650006,ESSFdc 2 /104a
9650935,ESSFxv 2 /05
9650936,ESSFxv 2 /05
965276,ESSFdcw  /101
965278,ESSFdcw  /101
965288,ESSFdcw  /110
965617,ESSFdcw  /110
967257,ESSFwk 1 /01
967580,ESSFwc 2 /04
967618,ESSFdc 3 /105
967655,ESSFdc 3 /101  
967738,ESSFdcw  /110
969545,ESSFxc 2 /101
969557,ESSFdc 3 /112
969559,ESSFxc 2 /103a
969560,ESSFxc 2 /110
969561,ESSFxc 2 /103a
969564,ESSFdc 3 /105
969566,ESSFdc 3 /112
969598,ESSFxc 2 /110
97404,MS  dc 3 /110
97405,ESSFxv 2 /01.1
9800002,ESSFdk 2 /104
9800003,ESSFmm 3 /110
9800007,ESSFmm 3 /101
9800013,ESSFmm 3 /110
9800015,ESSFmm 3 /112
9800019,ESSFdk 2 /112
9800020,ESSFmm 3 /111
9800025,ESSFdk 2 /101
9800026,ESSFmm 3 /101
9800027,ESSFmm 3 /101
9800028,ESSFmm 3 /101
9800038,ESSFxv 2 /05
9800423,ESSFxv 2 /06
9800431,ESSFxv 2 /01
9800432,ESSFxv 2 /01
9800433,ESSFxv 2 /01
9800434,ESSFxv 2 /01
9800437,ESSFxv 2 /06
9800438,ESSFxv 2 /10
9800809,ESSFdk 1 /104
9800817,ESSFdk 2 /111
9800837,ESSFdk 2 /104
9800905,ESSFxv 2 /01.1
9800994,ESSFmm 3 /101
9801870,ESSFwc 3 /Wb10
9803282,ESSFxv 2 /01
9803283,ESSFxv 2 /10
9803285,ESSFxv 2 /01
98-045,ESSFxv 2 /01.1
98-056,ESSFxc 3 /110
9805706,ESSFdc 3 /104
9805726,ESSFdc 3 /101  
9805730,ESSFdc 3 /112
9805733,ESSFwc 2 /03
9805736,ESSFwc 2 /04
9805737,ESSFdc 3 /101  
9805739,ESSFwc 2 /04
9805746,ESSFwc 2 /05
9805749,ESSFwcw  /101
9805753,ESSFwc 2 /03
9805754,ESSFdc 3 /101  
9805755,ESSFdc 3 /112
9805756,ESSFwc 2 /03
9805757,ESSFwc 2 /04
9805759,ESSFdc 3 /101  
9805761,ESSFwcw  /101
9806180,ESSFmcw  /101
9806182,ESSFmcw  /110
9806183,ESSFmcw  /103
9806238,ESSFwcw  /101
98-063,ESSFxc 3 /111
98-064,ESSFxc 3 /111
9806734,ESSFmcw  /103
9806735,ESSFmcw  /111
9806736,ESSFmcw  /103
9806740,ESSFwvw  /101.1(Sk)
9806747,ESSFmkw  /102
9806748,ESSFwvw  /101.1(Sk)
9806749,ESSFwvw  /104
9806750,ESSFmcw  /103
9806751,ESSFmkw  /110
9806752,ESSFmkw  /101
9806753,ESSFmkw  /103
9806755,ESSFwvw  /101
9806756,ESSFmkw  /102
9806757,ESSFmkw  /101
9806758,ESSFmkw  /101
9806759,ESSFwvw  /101
9806761,ESSFmcw  /102
9806762,ESSFwvw  /101.1(Sk)
9806764,ESSFmc   /01
9806768,ESSFmcw  /102
9806769,ESSFmcw  /102
98-071,ESSFxc 3 /110
98-073,MS  dc 3 /110
98-097,ESSFdv 2 /101
98-144,ESSFxv 2 /01.1
98-152,ESSFxc 3 /110
98-158,ESSFxc 3 /102
98-165,MS  dc 3 /110
98-168,MS  dc 3 /110
98-178,ESSFdv 2 /103
98-179,ESSFdv 2 /111
98-180,ESSFdv 2 /101
98-196,ESSFdh 2 /101
98-197,ESSFdh 2 /101
98-198,ESSFdh 2 /110
98-244,ESSFxv 2 /05
98-251,ESSFxc 3 /102
98-252,ESSFxc 3 /110
98-253,ESSFxc 3 /112
98-255,ESSFxc 3 /112
98-262,ESSFxc 3 /110
98-263,ESSFxc 3 /111
98-267,ESSFxc 3 /102
98-269,ESSFxc 3 /111
98-282,ESSFdv 2 /101
98-283,ESSFdv 2 /103
98-288,ESSFdv 1 /110
98-289,ESSFdv 1 /101
98-290,ESSFdv 1 /110
98-291,ESSFdv 1 /111
98-293,ESSFmw 2 /101.1
98-295,ESSFmw 2 /111
98-299,ESSFmw 2 /110.2
98-300,ESSFxc 3 /102
98-301,ESSFxc 3 /110
98-302,ESSFxc 3 /102
98-303,ESSFxc 3 /110
98-305,ESSFxc 3 /110
98-306,ESSFxc 3 /110
98-338,ESSFxc 3 /112
98-350,ESSFdv 2 /101
98-351,ESSFdv 2 /110
98-352,ESSFdv 2 /110
98-354,ESSFdv 2 /111
98-355,ESSFdv 2 /104
98-366,ESSFxv 2 /01.1
98-368,ESSFxv 2 /01.1
98-369,ESSFxv 2 /06
98-370,ESSFdv 2 /101
98-371,ESSFdv 2 /103
98-372,ESSFdv 2 /104
98-373,ESSFdv 2 /101
98-378,MS  dc 3 /110
98-379,ESSFdv 2 /103
98-704,ESSFdv 1 /104
98-706,ESSFdv 1 /110
98-707,ESSFdh 2 /111
98-709,ESSFdh 2 /112
98-711,ESSFmw 2 /103.1
98-714,ESSFmw 2 /101.1
98-720,MS  dc 1 /111
98-727,MS  dc 1 /111
98-729,ESSFmw 2 /110.2
98-730,ESSFmw 2 /101.1
98-731,ESSFmw 2 /110.2
98-732,ESSFmw 2 /103.1
98-733,ESSFmw 2 /101.1
98-734,ESSFmw 2 /101.1
98-735,ESSFmw 2 /110.2
98-738,ESSFdh 2 /101
98-739,ESSFdh 2 /101
98-742,ESSFdh 2 /111
98-743,ESSFmw 2 /101.1
98-746,ESSFdv 1 /101
98-800,ESSFmw 2 /101.1
98-801,ESSFmw 2 /111
98-803,ESSFmw 2 /111
98-804,ESSFmw 2 /110.1
98-805,ESSFmw 2 /103.1
98-807,ESSFmw 2 /101.1
98-810,ESSFmw 2 /101.1
98-839,ESSFdv 1 /101
98-840,ESSFdv 1 /104
98-842,ESSFdv 1 /111
98-847,ESSFdv 2 /101
98-848,ESSFdv 2 /101
98-850,ESSFdv 2 /111
98-864,ESSFxv 2 /01.1
98-870,ESSFdv 2 /103
98-872,ESSFmw 2 /101.1
98-874,ESSFmw 2 /103.1
98-878,ESSFdv 1 /101
98-879,ESSFdv 1 /111
98-880,ESSFdv 1 /101
98-888,ESSFdh 2 /111
98-905,ESSFdv 1 /101
98-942,ESSFdv 2 /104
98-943,ESSFdv 2 /101
98-948,ESSFdv 2 /101
98-950,ESSFdv 2 /104
98-954,ESSFxc 3 /110
98-956,ESSFxv 2 /01.1
98-959,ESSFxv 2 /01.1
98-960,ESSFxv 2 /01.1
98-968,ESSFdv 2 /101
98-969,ESSFdv 2 /101
98-970,ESSFmw 2 /101.2
98-971,ESSFmw 2 /101.1
98-973,ESSFmw 2 /101.2
98-980,ESSFdv 1 /101
98-981,ESSFdv 1 /110
98-982,ESSFdv 1 /104
98-983,ESSFdv 1 /101
98-987,MS  dc 1 /111
98-988,MS  dc 1 /110
98-990,ESSFdv 1 /101
98DB007,ESSFxc 3 /110
98DL003,ESSFxv 2 /01.1
98DL004,ESSFxv 2 /01.1
98DL005,ESSFxv 2 /01.1
98DL008,ESSFxc 3 /110
98DL010,ESSFxc 3 /102
98DL021,ESSFdc 2 /104a
98DL022,ESSFdc 2 /110
98DL026,ESSFxc 3 /110
98DL027,ESSFxc 3 /112
98DL029,ESSFxc 3 /102
98DL043,ESSFxv 2 /01.1
98DL049,ESSFxc 3 /111
98DL052,ESSFmw 2 /101.1
98DL053,ESSFmw 2 /101.1
98DL054,ESSFdh 2 /110
98DL055,ESSFdh 2 /110
98DL061,ESSFdv 1 /101
98DL063,ESSFdv 1 /111
98DL064,ESSFdv 1 /104
98DL066,ESSFdh 2 /111
98DL075,ESSFdv 2 /103
98DM051,ESSFxv 2 /01.1
98MD002,ESSFxv 2 /01.1
98MR010,ESSFxv 2 /01.1
98MR011,ESSFxv 2 /01.1
98NB001,ESSFxc 3 /110
98NB002,ESSFxc 3 /102
98OK031,ESSFdc 2 /104b
98OK037,ESSFdc 2 /104b
98OK043,ESSFdc 2 /104a
98OK092,ESSFdc 2 /111
98OK094,ESSFdcw  /103
98OK095,ESSFdcw  /110
98SL005,ESSFwc 2 /03
98SL006,ESSFwc 2 /03
98SL007,ESSFdc 3 /105
98SL008,ESSFwc 2 /04
98SL113,ESSFdc 3 /105
98SL114,ESSFdc 3 /105
98SL115,ESSFdc 3 /105
98SL131,ESSFwc 2 /01
98SL134,ESSFwc 2 /04
98SL135,ESSFwc 2 /01
98SL136,ESSFwc 2 /04
98SL138,ESSFwc 2 /03
98SL212,ESSFwc 2 /03
98SL220,ESSFdc 3 /101  
98SL221,ESSFdc 3 /101  
98SL227,ESSFwc 2 /03
98SL228,ESSFwc 2 /04
98SL230,ESSFdc 3 /101  
98SL231,ESSFdc 3 /110
98VL007,MS  dc 3 /110
98VL008,ESSFdh 2 /111
98VL020,MS  dc 1 /111
99DB021,ESSFdc 2 /101
99DM027,ESSFdc 2 /101
99DM030,ESSFdc 2 /104a
99DM035,ESSFdc 2 /101
99KJ020,ESSFdc 2 /104a
99KJ022,ESSFdc 2 /101
99KJ034,ESSFdc 2 /111
99MD026,ESSFdc 2 /101
99MR010,ESSFdh 1 /101
99MR017,ESSFxc 1 /104
99MR032,ESSFmw 1 /101.2
99NB002,ESSFxc 1 /104
99NB003,ESSFxc 1 /110
99NB013,ESSFxc 1 /111
99RV01,ESSFdc 3 /101  
99RV02,ESSFdc 3 /101  
99RV03,ESSFdc 3 /101  
99RV04,ESSFdc 3 /101  
99RV101,ESSFdc 2 /105
99RV103,ESSFdc 2 /105
99RV11,ESSFdc 3 /101  
99RV120,ESSFdc 2 /104a
99RV14,ESSFdc 3 /110
99RV16,ESSFdc 3 /110
99RV54,ESSFdc 2 /105
99RV68,ESSFxc 2 /110
99RV85,ESSFdc 2 /101
99RV86,ESSFdc 2 /110
99RV91,ESSFdc 2 /105
99RV93,ESSFdc 2 /101
99RV94,ESSFdc 2 /104b
99RV95,ESSFdc 2 /101
99RV98,ESSFxc 2 /101
99RV99,ESSFdc 2 /101
99SL305,ESSFwc 2 /04
99SL306,ESSFwc 2 /04
99SL307,ESSFwc 2 /03
99SL308,ESSFwc 2 /06
99SL334,ESSFwc 2 /03
99SL335,ESSFwc 2 /04
99SL352,ESSFdc 3 /110
99SL357,ESSFwc 2 /03
99SL358,ESSFwc 2 /01
99SL365,ESSFwc 2 /04
99SL366,ESSFwc 2 /09
99SL368,ESSFwc 2 /04
99SL371,ESSFwc 2 /09
99SL372,ESSFwc 2 /04
99SL373,ESSFwc 2 /03
99SL416,ESSFwc 2 /04
99SL417,ESSFwc 2 /03
99SL427,ESSFdc 3 /101  
99SL442,ESSFdc 3 /105
99SL443,ESSFwc 2 /10
99SL448,ESSFwc 2 /03
99SL451,ESSFwc 2 /03
99SL456,ESSFwc 2 /03
99SL457,ESSFwc 2 /03
99SL461,ESSFwc 2 /03
99SL465,ESSFwc 2 /01
99SL466,ESSFdc 3 /104
99VL002,ESSFxc 1 /104
A-105IF,ESSFwc 4 /103b
A-222IF,ESSFwh 1 /104
A-248IF,ESSFdc 1 /101
A-297IF,ESSFwh 1 /101
A-434IF,ESSFmh   /101
A-544IF,ESSFmh   /110
A-570IF,ESSFmh   /112
A-706IF,ESSFwh 3 /104.2
A770232,ESSFwc 2 /06
A770236,ESSFwc 2 /01
A780468,ESSFwc 2 /01
A780471,ESSFwc 2 /07
A780472,ESSFwc 2 /06
A791244,ESSFwm 4 /103.1
A791251,ESSFwm 4 /103.1
A791256,ESSFwm 4 /103.2
A791268,ESSFwm 4 /103.2
A791269,ESSFwm 4 /103.2
A791278,ESSFwm 4 /103.2
A791279,ESSFwm 4 /103.1
A791284,ESSFwm 4 /103.2
A791287,ESSFwm 4 /111
A791288,ESSFwm 4 /103.2
A791468,ESSFmm 1 /01
A796897,ESSFwm 4 /103.2
A796911,ESSFwm 4 /111
A796913,ESSFwm 4 /103.2
A796914,ESSFwm 4 /101
A796917,ESSFwm 4 /111
A796922,ESSFwm 4 /101
A-907IF,ESSFdc 1 /101
ARS-10,ESSFwh 3 /104.1
ARS-115,ESSFmh   /110
ARS-117,ESSFmh   /105
ARS-12,ESSFwh 3 /101
ARS-134,ESSFmh   /101
ARS202,ESSFmh   /103
ARS-207,ESSFdc 1 /102
ARS-212,ESSFdc 1 /103
ARS-216,ESSFdc 1 /103
ARS-219,ESSFdc 1 /102
ARS-228,ESSFdc 1 /102
ARS-232,ESSFmh   /111
ARS-236,ESSFdc 1 /102
ARS-29,ESSFmh   /101
ARS-34,ESSFmh   /101
ARS-36,ESSFdc 1 /101
ARS-39,ESSFdc 1 /103
ARS-45,ESSFwh 3 /101
ARS-48,ESSFwh 3 /104.1
ARS-7,ESSFwm 3 /103
ARS-72,ESSFwh 1 /103
ARSI-71,ESSFwh 1 /103
As93143,ESSFdkw  /103
As93144,ESSFdkw  /101.1
As93146,ESSFdkw  /103
As93149,ESSFdkw  /101.1
As93151,ESSFdkw  /101.1
As93162,ESSFdkw  /101.1
As93166,ESSFdkw  /103
As93167,ESSFdk 2 /111
As93169,ESSFdkw  /110
AV98033,ESSFmm 3 /110
B780459,ESSFwc 2 /01
B780460,ESSFwc 2 /01
B780461,ESSFwc 2 /01
B780462,ESSFwc 2 /01
B780470,ESSFwcw  /101
B780559,ESSFwc 2 /09
B780560,ESSFwc 2 /01
BB1028,ESSFdkw  /102
BB1032,ESSFdk 2 /101
BB2B10,ESSFmk   /01
BB2B9,ESSFmk   /01
BB2Y9,ESSFmk   /05
BC1B16,ESSFmk   /01
BC1B17,ESSFmk   /04
BC1B18,ESSFmk   /01
BC1B21,ESSFmk   /04
BC1B26,ESSFmk   /05
BC1B5,ESSFmk   /01
BC1B9,ESSFmk   /03
BC1M20,ESSFmk   /05
BC1M22,ESSFmk   /07
BC1M29,ESSFmk   /05
BC1M30,ESSFmk   /07
BC1M31,ESSFmk   /01
BC1M9,ESSFmk   /05
BC2B29,ESSFmk   /01
BC2B31,ESSFmk   /01
BC2B33,ESSFmk   /02
BC2B35,ESSFmk   /04
BC2G3,ESSFmk   /02
BC2Y30,ESSFmk   /01
BC2Y33,ESSFmk   /06
BC2Y34,ESSFmk   /02
BC2Y35,ESSFmk   /01
BC2Y36,ESSFmk   /02
BC3M1,ESSFmk   /04
BC3M2,ESSFmk   /01
BC3M3,ESSFmk   /03
BC3Y2,ESSFmk   /03
BC3Y3,ESSFmk   /03
BM1-1,ESSFmh   /110
BM1-3,ESSFmh   /101
BQG11,ESSFdkw  /101.1
BQG22,ESSFdkw  /101.1
BQG4,ESSFdkw  /102
BQG8,ESSFdkw  /101.1
BQG9,ESSFdkw  /101.1
BR01,ESSFdkw  /103
BR03,ESSFdkw  /103
BR22,ESSFdk 1 /103
BR23,ESSFdk 1 /101
BR24,ESSFdkw  /102
BR30,ESSFdkw  /110
BR31,ESSFdkw  /103
BR32,ESSFdkw  /101.1
BR37,ESSFdkw  /101.1
BR40,ESSFdkw  /103
BR42,ESSFdkw  /110
BR43,ESSFdkw  /101.1
BR45,ESSFdkw  /101.2
BR65,ESSFdkw  /102
BTF15,ESSFmc   /09
C803134,ESSFdk 2 /112
CFI141B,ESSFdk 2 /111
CFI252A,ESSFdk 2 /112
CFI530A,ESSFdk 2 /104
CFI686C,ESSFdk 2 /101
CFIV4,ESSFdkw  /102
CG0002,ESSFwc 2 /04
CG0015,ESSFwc 2 /01
CG0020,ESSFwc 2 /01
CG0022,ESSFwc 2 /04
CG0024,ESSFwc 2 /01
CG0025,ESSFwcw  /101
CM02108,ESSFdk 1 /103
CM02109,ESSFwm 1 /111
CM02195,ESSFdk 1 /103
CM02198,ESSFwm 1 /110
CM02199,ESSFdk 1 /104
CM1295A,ESSFwm 1 /111
CM1295C,ESSFwm 1 /111
CM1295D,ESSFwm 1 /111
CM1295H,ESSFwm 1 /111
CM582A,ESSFwm 1 /101
CM582B,ESSFwm 1 /103
CM582F,ESSFwm 1 /104
CR01-7,ESSFwm 4 /101
CR01-9,ESSFdk 1 /101
CR28013,ESSFwh 2 /101
CR7242,ESSFdk 1 /110
CW-86,ESSFmc   /10
D780504,ESSFwc 2 /09
D780505,ESSFwc 2 /09
D780514,ESSFwc 2 /03
D780515,ESSFwc 2 /01
D780516,ESSFwc 2 /01
D780517,ESSFwc 2 /09
D780524,ESSFwc 2 /03
D780525,ESSFwcw  /110
D780526,ESSFwc 2 /01
D780528,ESSFwcw  /103
D780533,ESSFwc 2 /04
D796846,ESSFwh 1 /110.2
D796903,ESSFwm 4 /110
D796907,ESSFwm 4 /103.2
D796908,ESSFwm 4 /103.2
D796919,ESSFwm 4 /103.2
DKF15,ESSFmk   /01
DKF16,ESSFmc   /06
DKF40,ESSFmc   /01
DKF41,ESSFmc   /10
DKF42,ESSFmc   /06
Eagle07,ESSFdkw  /103
Eagle21,ESSFdkw  /101.1
Eagle22,ESSFdkw  /103
EAGLE23,ESSFdkw  /103
EAGLE24,ESSFdkw  /103
F15023,ESSFdk 1 /101
F15024,ESSFdk 1 /103
F15025,ESSFdk 1 /104
F15054,ESSFdk 1 /110
F15056,ESSFdk 1 /101
F15064,ESSFdk 1 /103
F770202,ESSFvc   /01
F770210,ESSFvk   /112
F770222,ESSFvk   /112
F770227,ESSFvc   /03
F770276,ESSFvc   /111
F770277,ESSFvc   /01
F770278,ESSFvc   /04
F770280,ESSFvc   /04
G770212,ESSFvc   /01
G770287,ESSFvc   /04
G770290,ESSFvk   /112
G780568,ESSFmm 3 /101
G780569,ESSFmm 3 /112
G796870,ESSFwh 1 /110.1
GH-D101,ESSFdk 2 /111
GH-D135,ESSFdk 2 /112
GH-D136,ESSFdk 2 /110
GH-D94,ESSFdk 2 /112
GH-G106,ESSFwh 1 /101
GH-G109,ESSFwh 1 /110.2
GH-G41,ESSFwh 1 /104
GH-G70,ESSFwcw  /104.1
GH-G74,ESSFwc 4 /111
GH-G89,ESSFwmw  /101
H000004,ESSFwk 2 /01
H000005,ESSFwk 2 /04
H000007,ESSFwk 2 /01
H000019,ESSFwk 2 /01
H000038,ESSFwk 2 /01
H000039,ESSFwk 2 /01
H000043,ESSFwk 2 /01
H000045,ESSFwk 2 /01
H000046,ESSFwk 2 /01
HD1035,ESSFmm 3 /110
HD1040,ESSFmm 3 /110
HD1113,ESSFmm 3 /101
HD1126,ESSFdkw  /101.1
HD2041,ESSFdk 2 /101
HD2043,ESSFdk 2 /101
HD2075,ESSFmm 3 /101
HD2095,ESSFmm 3 /101
HD2099,ESSFmm 3 /101
HD2108,ESSFdkw  /102
HD2116,ESSFdkw  /101.1
HD2118,ESSFdkw  /101.2
HD2137,ESSFdk 2 /101
HPTEM03,ESSFwh 3 /103
I770281,ESSFwc 4 /101
I770282,ESSFwc 4 /110
IL30,ESSFwm 1 /110
IL65,ESSFwm 1 /101
IL66,ESSFwm 1 /101
IL67,ESSFwm 1 /101
IL68,ESSFwm 1 /101
IL73,ESSFwm 1 /101
IL74,ESSFwm 1 /101
J770245,ESSFwcw  /104.2
J770246,ESSFwcw  /104.2
J770248,ESSFwc 4 /110
J770249,ESSFwc 4 /101
J770250,ESSFwc 4 /103b
J770254,ESSFwcw  /103
J770256,ESSFwh 1 /111
J770326,ESSFwh 1 /110.2
J770327,ESSFwh 1 /102
J796845,ESSFwh 1 /101
J8987,ESSFdc 3 /112
J9007,ESSFdc 3 /105
J9014,ESSFdc 3 /105
J9041,ESSFdc 3 /112
J9043,ESSFdc 3 /104
J9077,ESSFdc 3 /101  
J9078,ESSFdc 3 /101  
J9089,ESSFxc 2 /110
J9090,ESSFdc 3 /102
JD1001,ESSFdk 2 /104
JD1020,ESSFdk 2 /104
JD1021,ESSFdkw  /101.2
JD1028,ESSFdkw  /101.1
JD1029,ESSFdkw  /101.2
JD1036,ESSFdkw  /101.1
JD1037,ESSFdkw  /101.1
JE8510,ESSFmm 3 /110
K00-077,ESSFmw 1 /101.1
K00-090,ESSFdh 1 /110
K00-091,ESSFdh 1 /111
K001010,ESSFdv 2 /111
K001011,ESSFdv 2 /103
K001012,ESSFdv 2 /104
K001013,ESSFdv 2 /101
K001017,ESSFdv 1 /101
K001018,ESSFdv 1 /102
K001019,ESSFdv 1 /104
K00-102,ESSFdh 1 /111
K001020,ESSFdv 1 /110
K001021,ESSFdv 1 /101
K00-105,ESSFdc 3 /104
K001059,ESSFxc 3 /112
K00-106,ESSFdc 3 /101  
K001063,ESSFxc 3 /112
K00-107,ESSFdc 3 /112
K001110,ESSFdv 1 /101
K001111,ESSFdv 1 /102
K00-116,ESSFdv 2 /101
K00-118,ESSFdv 2 /110
K00-124,ESSFdv 2 /101
K00-125,ESSFdv 2 /110
K00-127,ESSFdv 2 /102
K001409,MS  dc 1 /110
K001418,ESSFdv 1 /101
K001419,ESSFdv 1 /110
K001421,ESSFdv 2 /111
K001433,ESSFdv 2 /111
K001434,ESSFdv 2 /110
K001442,MS  dc 1 /110
K001509,ESSFwc 2 /09
K001510,ESSFwc 2 /04
K001929,ESSFxc 2 /112
K00-227,ESSFdh 1 /111
K00-293,ESSFdcw  /110
K00-317,ESSFwcw  /104.2
K00-318,ESSFwcw  /103
K00-319,ESSFwc 2 /04
K00-320,ESSFwc 2 /01
K00-367,ESSFdh 1 /110
K00-380,ESSFxc 2 /103b
K00-381,ESSFxc 2 /110
K00-382,ESSFxc 2 /101
K00-389,ESSFdv 1 /101
K00-404,ESSFdcw  /101
K00-405,ESSFdv 1 /111
K00-434,ESSFdv 2 /103
K00-435,ESSFdv 2 /103
K00-436,ESSFdv 2 /101
K00-437,ESSFdv 2 /101
K00-438,ESSFdv 2 /111
K00-440,ESSFdv 2 /103
K00-445,ESSFdv 2 /101
K00-446,ESSFdv 2 /110
K00-513,ESSFdc 2 /104a
K00-514,ESSFdc 2 /110
K00-515,ESSFdc 2 /101
K00-517,ESSFdc 2 /101
K00-518,ESSFdc 2 /106
K00-519,ESSFdc 3 /112
K00-536,ESSFdc 3 /112
K00-537,ESSFdc 3 /104
K00-538,ESSFdc 3 /104
K00-643,ESSFwc 2 /04
K00-644,ESSFwcw  /104.2
K00-645,ESSFwcw  /101
K00-646,ESSFwcw  /103
K00-649,ESSFwcw  /104.2
K00-651,ESSFwcw  /104.2
K00-654,ESSFwcw  /104.1
K00-656,ESSFwcw  /104.2
K00-657,ESSFwcw  /101
K00-658,ESSFwcw  /104.2
K00-662,ESSFwcw  /104.2
K00-666,ESSFwcw  /110
K00-667,ESSFwcw  /101
K00-669,ESSFwcw  /101
K00-671,ESSFdcw  /103
K00-676,ESSFdc 2 /101
K00-740,ESSFdv 1 /104
K00-741,ESSFdv 1 /110
K00-742,ESSFdv 1 /111
K00-744,ESSFdv 1 /101
K00-802,ESSFdv 2 /110
K00-804,ESSFdv 2 /102
K00-805,ESSFdv 2 /111
K00-843,ESSFdv 1 /111
K00-854,ESSFdv 2 /101
K00-856,ESSFdv 2 /101
K00-857,ESSFdv 2 /110
K00-858,ESSFdv 2 /104
K00-861,ESSFmw 1 /101.2
K00-865,ESSFdc 2 /101
K00-868,ESSFdc 2 /110
K00-885,ESSFdc 3 /101  
K00-887,ESSFdc 3 /104
K00-896,ESSFdc 3 /102
K00-897,ESSFdc 3 /111
K00-898,ESSFdc 3 /104
K00-899,ESSFdc 3 /101  
K00-921,ESSFdc 3 /105
K00-925,ESSFdc 3 /102
K00-930,ESSFxc 2 /111
K011000,ESSFwc 2 /01
K011077,ESSFdh 2 /101
K011079,ESSFdh 2 /111
K011082,ESSFdh 2 /110
K011129,ESSFwc 2 /09
K011161,ESSFdc 1 /111
K011162,ESSFdc 1 /104
K011165,ESSFdc 1 /103
K011166,ESSFdc 1 /101
K011178,ESSFwc 2 /03
K011180,ESSFwc 2 /09
K011228,ESSFwcw  /104.2
K011247,ESSFwcw  /104.2
K011249,ESSFwcw  /104.2
K011250,ESSFwcw  /101
K011265,ESSFwc 2 /01
K011281,ESSFwc 2 /09
K011284,ESSFwc 2 /01
K011339,ESSFmh   /112
K011341,ESSFmh   /111
K011342,ESSFmh   /111
K011343,ESSFmh   /105
K011344,ESSFmh   /104
K011374,ESSFmh   /111
K011375,ESSFmh   /103
K011378,ESSFmh   /110
K011386,ESSFdc 1 /112
K011387,ESSFdc 1 /104
K011388,ESSFdc 1 /104
K011446,ESSFxc 2 /103a
K011448,ESSFmh   /103
K011450,ESSFmh   /111
K011452,ESSFmh   /112
K011454,ESSFmh   /101
K01-181,ESSFwh 1 /110.2
K01-183,ESSFwh 1 /104
K01-207,ESSFmw 2 /111
K01-218,ESSFmw 2 /111
K01-220,ESSFdh 2 /112
K01-222,ESSFdh 2 /111
K01-223,ESSFdh 2 /111
K01-224,ESSFdh 2 /101
K01-244,ESSFmw 2 /110.1
K01-245,ESSFmw 2 /101.1
K01-265,ESSFdc 2 /105
K01-361,ESSFxc 1 /104
K01-385,ESSFmw 2 /101.2
K01-386,ESSFmw 2 /101.2
K01-400,ESSFxc 3 /110
K01-417,ESSFxc 1 /101
K01-420,ESSFxc 1 /110
K01-429,ESSFwc 4 /101
K01-441,ESSFmh   /112
K01-458,ESSFxc 1 /104
K01-487,ESSFwc 2 /03
K01-518,ESSFwh 1 /101
K01-519,ESSFwh 1 /101
K01-525,ESSFmh   /104
K01-526,ESSFmh   /103
K01-544,ESSFwcw  /101
K01-561,ESSFwc 4 /110
K01-562,ESSFwc 4 /101
K01-595,ESSFwcw  /104.2
K01-598,ESSFwcw  /103
K01-605,ESSFwc 4 /101
K01-626,ESSFwc 2 /01
K01-628,ESSFwc 2 /03
K01-655,ESSFwc 2 /07
K01-657,ESSFwc 2 /03
K01-658,ESSFwc 2 /01
K01-662,ESSFwc 2 /06
K01-663,ESSFwc 2 /09
K01-664,ESSFwc 2 /07
K01-665,ESSFwc 2 /04
K01-677,ESSFwcw  /104.2
K01-689,ESSFwcw  /110
K01-701,ESSFwc 2 /03
K01-725,ESSFwc 2 /06
K01-726,ESSFwc 2 /04
K01-735,ESSFwc 2 /07
K01-736,ESSFwc 2 /01
K01-741,ESSFwc 2 /03
K01-742,ESSFwc 2 /06
K01-743,ESSFwc 2 /01
K01-768,ESSFmw 2 /101.2
K01-769,ESSFmw 2 /110.2
K01-774,ESSFdv 1 /110
K01-775,ESSFdv 1 /101
K01-843,ESSFmh   /103
K01-861,ESSFwcw  /101
K01-863,ESSFwcw  /104.2
K01-864,ESSFwcw  /104.2
K01-872,MS  dc 1 /111
K01-885,ESSFwc 2 /06
K01-934,ESSFdv 1 /101
K01-936,ESSFdv 1 /111
K01-937,ESSFdv 1 /101
K01-941,ESSFxv 2 /06
K01-953,ESSFmw 2 /101.1
K01-974,MS  dc 1 /111
K01-977,MS  dc 1 /111
K01-994,ESSFwc 2 /01
K01-996,ESSFwc 2 /03
K01-998,ESSFwc 2 /06
K02-112,ESSFwcw  /103
K02-143,ESSFdc 3 /105
K02-145,ESSFdc 3 /111
K02-150,ESSFwc 4 /103b
K02-152,ESSFwc 4 /103a
K02-153,ESSFwc 4 /112
K02-154,ESSFwc 4 /111
K02-163,ESSFdc 3 /101  
K02-166,ESSFdc 3 /101  
K02-172,ESSFwcw  /104.2
K02-175,ESSFwcw  /103
K02-177,ESSFwcw  /101
K02-192,ESSFwcw  /104.2
K02-193,ESSFwcw  /103
K02-213,ESSFdc 1 /101
K02-214,ESSFwh 1 /104
K02-216,ESSFwc 4 /101
K02-217,ESSFwc 4 /110
K02-218,ESSFxc 2 /101
K02-219,ESSFxc 2 /101
K02-246,ESSFwh 1 /101
K02-264,ESSFwcw  /104.2
K02-265,ESSFwcw  /103
K02-294,ESSFwcw  /104.1
K02-306,ESSFwc 4 /101
K02-408,ESSFwcw  /102
K02-517,ESSFwcw  /104.2
K02-519,ESSFwcw  /104.2
K02-536,ESSFwcw  /101
K02-537,ESSFwcw  /104.2
K02-567,ESSFdc 1 /101
K02-604,ESSFwcw  /101
K02-606,ESSFwcw  /110
K02-609,ESSFwcw  /103
K02-614,ESSFwcw  /101
K02-618,ESSFwcw  /103
K02-619,ESSFwcw  /104.1
K02-620,ESSFwcw  /110
K02-621,ESSFwcw  /101
K02-624,ESSFwcw  /101
K02-648,ESSFdc 3 /101  
K02-661,ESSFwcw  /101
K02-705,ESSFwc 4 /101
K02-708,ESSFwc 4 /112
K02-709,ESSFwc 4 /101
K02-716,ESSFwcw  /101
K02-717,ESSFwcw  /101
K02-719,ESSFwcw  /101
K02-723,ESSFwcw  /103
K02-727,ESSFwcw  /110
K02-729,ESSFwcw  /101
K02-733,ESSFwcw  /110
K02-734,ESSFwcw  /103
K02-738,ESSFdc 3 /101  
K02-741,ESSFdc 3 /105
K11-072,ESSFmw 1 /101.1
K11-073,ESSFmw 1 /111
K11-074,ESSFmw 1 /102.1
K11-077,ESSFmw 1 /103
K11-078,ESSFmw 1 /111
K11-079,ESSFmw 1 /111
K11-082,ESSFmw 1 /102.1
K11-084,ESSFmw 1 /103
K11-103,ESSFmw 2 /103.1
K11-107,ESSFmw 2 /102
K11-108,ESSFmw 2 /103.1
K11-109,ESSFmw 2 /102
K11-110,ESSFmw 2 /102
K11-140,ESSFdc 3 /102
K11-144,ESSFdc 3 /102
K11-145,ESSFdc 3 /102
K11-203,ESSFmw 1 /102.2
K11-209,ESSFmw 1 /102.2
K11-210,ESSFmw 1 /102.2
K11-246,ESSFmw 2 /103.1
K11-247,ESSFmw 2 /103.1
K11-248,ESSFmw 2 /101.2
K11-252,ESSFmw 2 /103.1
K11-253,ESSFmw 2 /102
K13-073,ESSFxc 1 /111
K13-103,ESSFxc 2 /101
K13-104,ESSFmw 1 /105
K13-105,ESSFmw 1 /105
K13-106,ESSFmw 1 /105
K13-107,ESSFmw 1 /105
K13-108,ESSFmw 1 /105
K13-109,ESSFmw 1 /105
K13-110,ESSFmw 1 /105
K13-111,ESSFmw 1 /105
K13-113,ESSFmw 1 /105
K13-114,ESSFdh 1 /103
K13-116,ESSFmw 1 /105
K13-120,ESSFxc 2 /110
K13-121,ESSFdc 2 /101
K13-122,ESSFdc 2 /101
K13-125,ESSFxc 2 /103a
K13-126,ESSFxc 2 /110
K770054,ESSFmh   /110
K780448,ESSFwh 3 /101
K800850,ESSFdc 3 /101  
K801930,ESSFdk 2 /111
K801931,ESSFdk 2 /111
K8607,ESSFwv   /01
K8609,ESSFwv   /01
K8615,ESSFwv   /01
K8617,ESSFwv   /07
K8649,ESSFwv   /08
K99-166,ESSFxc 1 /101
K99-167,ESSFxc 1 /101
K99-168,ESSFxc 1 /112
K99-178,ESSFxc 1 /111
K99-179,ESSFxc 1 /101
K99-181,ESSFxc 1 /104
K99-182,ESSFxc 1 /111
K99-326,ESSFdh 1 /110
K99-330,ESSFdc 2 /104b
K99-334,ESSFdh 1 /101
K99-336,ESSFdh 1 /110
K99-337,ESSFdh 1 /101
K99-339,ESSFmw 1 /101.1
K99-349,ESSFdc 2 /110
K99-350,ESSFdc 2 /104a
K99-352,ESSFdc 2 /104a
K99-353,ESSFdc 2 /111
K99-354,ESSFdc 2 /104b
K99-355,ESSFdc 2 /110
K99-364,ESSFdc 2 /101
K99-366,ESSFdc 2 /110
K99-367,ESSFdc 2 /101
K99-376,ESSFmw 1 /101.1
K99-406,ESSFdc 2 /104a
K99-407,ESSFdc 2 /110
K99-428,ESSFxc 1 /111
K99-429,ESSFxc 1 /111
K99-439,ESSFmw 1 /101.1
K99-440,ESSFdh 1 /101
K99-443,ESSFdh 1 /103
K99-445,ESSFdh 1 /103
K99-446,ESSFdh 1 /101
K99-447,ESSFmw 1 /101.1
K99-455,ESSFdc 2 /110
K99-456,ESSFmw 1 /101.2
K99-457,ESSFdc 2 /105
K99-458,ESSFxc 1 /104
K99-460,ESSFxc 1 /101
K99-465,ESSFxc 1 /104
K99-466,ESSFxc 1 /110
K99-467,ESSFdc 2 /111
K99-470,ESSFdc 2 /101
K99-471,ESSFdc 2 /101
K99-473,ESSFdc 2 /111
K99-474,ESSFdc 2 /101
K99-477,ESSFdc 2 /110
K99-481,ESSFdc 2 /104a
K99-483,ESSFmw 1 /110
K99-485,ESSFmw 1 /101.1
K99-506,ESSFdh 1 /110
K99-507,ESSFdh 1 /111
K99-508,ESSFdh 1 /101
K99-509,ESSFmw 1 /101.2
K99-510,ESSFmw 1 /101.2
K99-511,ESSFmw 1 /103
K99-512,ESSFmw 1 /110
K99-515,ESSFmw 1 /101.2
K99-516,ESSFmw 1 /102.1
K99-517,ESSFmw 1 /102.1
K99-518,ESSFdc 2 /110
K99-519,ESSFdc 2 /101
K99-537,ESSFmw 1 /110
K99-538,ESSFmw 1 /101.1
K99-540,ESSFmw 1 /103
K99-542,ESSFmw 1 /101.2
K99-700,ESSFxc 1 /104
K99-701,ESSFxc 1 /110
K99-706,ESSFxc 1 /110
K99-707,ESSFxc 1 /111
K99-708,ESSFxc 1 /101
K99-734,ESSFxc 1 /112
K99-736,ESSFxc 1 /112
K99-737,ESSFxc 1 /111
K99-738,ESSFxc 1 /104
K99-739,ESSFxc 1 /101
K99-740,ESSFxc 1 /104
K99-741,ESSFxc 1 /110
K99-742,ESSFxc 1 /104
K99-743,ESSFxc 1 /101
KA 445,ESSFmw 2 /101.1
KA 604,ESSFdh 1 /110
KAI84,ESSFwh 1 /101
KAI86,ESSFwh 1 /104
KC 161,ESSFmw 2 /101.2
KC 162,ESSFmw 2 /110.1
KC 163,ESSFmw 2 /110.2
KC 164,ESSFmw 2 /110.1
KC 167,ESSFmw 2 /103.1
KC 171,ESSFmw 2 /111
KC 173,ESSFdh 2 /112
KC 181,ESSFmw 2 /103.1
KL-100,ESSFwm 4 /101
KL-114,ESSFwh 3 /110
KL-143,ESSFwh 1 /101
KL-149,ESSFwc 4 /110
KL-150,ESSFwc 4 /111
KL-151,ESSFwh 1 /101
KL-153,ESSFwh 1 /103
KL-154,ESSFwh 1 /104
KL-158,ESSFwh 2 /104
KL-159,ESSFwh 2 /101
KL-167,ESSFwc 4 /110
KL-173,ESSFwh 2 /110
KL-174,ESSFwh 2 /104
KL-219,ESSFwh 3 /104.1
KL8446,ESSFwv   /05
KL8469,ESSFwv   /01
KL8472,ESSFwv   /01
KL-89,ESSFwm 4 /110
KL-99,ESSFwm 4 /110
KN02479,ESSFdk 1 /101
KN02492,ESSFwm 1 /110
KN02654,ESSFwm 1 /101
KN02656,ESSFwm 1 /104
KN02661,ESSFwm 1 /101
KN02662,ESSFwm 1 /103
KN02668,ESSFwm 1 /103
KN02718,ESSFdk 1 /104
KN02720,ESSFdk 1 /110
ko93083,ESSFwh 3 /101
ko93096,ESSFwh 1 /104
ko93104,ESSFwh 1 /110.2
ko93105,ESSFwh 1 /110.1
ko93115,ESSFwh 1 /110.2
ko93116,ESSFwh 1 /101
ko93122,ESSFwc 4 /101
L796962,ESSFdk 2 /111
L801893,ESSFdk 2 /104
LPc16,ESSFxv 2 /06
LPc18,ESSFxv 2 /05
LPc19,ESSFxv 2 /01.1
LPc20,ESSFxv 2 /01.1
LPc22,ESSFxv 2 /05
LPed2,ESSFdv 2 /101
LPed278,ESSFdv 2 /111
LPed4,ESSFdv 2 /104
LPed5,ESSFdv 2 /104
LPed6,ESSFdv 2 /103
LPedv3,MS  dc 1 /111
LPedv5,ESSFdv 1 /101
LPev1,ESSFxv 2 /01.1
LPex1,MS  dc 3 /110
LPex5,MS  dc 3 /110
LPmc3a,MS  dc 1 /110
LPmx9,ESSFxv 2 /06
LPxc313,ESSFxc 3 /110
LPxc320,ESSFdv 2 /111
M812119,ESSFwh 1 /110.2
MF2030,ESSFdk 2 /104
MF2061,ESSFdkw  /103
MF2066,ESSFdkw  /103
MF2068,ESSFdk 2 /104
MF2074,ESSFdkw  /103
MF2078,ESSFdk 2 /104
MF2092,ESSFmm 3 /110
MF2102,ESSFmm 3 /101
MF2103,ESSFmm 3 /112
MF2149,ESSFdkw  /101.1
MF3030,ESSFmm 3 /111
MF4,ESSFdk 1 /110
MF7,ESSFdkw  /103
MF8,ESSFdk 1 /101
MF9,ESSFdk 1 /110
MG1,ESSFdkw  /101.2
MG14,ESSFdk 1 /101
MG2,ESSFdkw  /101.1
MG30,ESSFdkw  /101.1
MG33,ESSFdkw  /110
MG46,ESSFdk 1 /101
MG5,ESSFdkw  /101.1
MG53,ESSFdk 1 /110
MG68,ESSFdkw  /103
MH94085,ESSFwv   /01
MN 201,ESSFdh 1 /110
MN 203,ESSFdh 1 /110
MN 204,ESSFdh 1 /101
MN 206,ESSFdh 1 /110
MP 287,ESSFdh 1 /110
MP 288,ESSFdh 1 /111
MP 289,ESSFmw 1 /101.1
MP 290,ESSFdh 1 /103
MP 292,ESSFdh 1 /110
MP 293,ESSFdh 1 /103
MP 295,ESSFmw 1 /110
MP 297,ESSFdh 1 /101
MP 298,ESSFdh 1 /110
MP 299,ESSFdh 1 /111
N05-012,MS  dk   /111b (Ws07)
N05-054,ESSFmm 3 /102
N05-059,ESSFmm 3 /103
N05-060,ESSFmm 3 /101
N05-062,ESSFmm 3 /112
N05-176,ESSFdk 1 /103
N05-181,ESSFwm 2 /110
N05-239,ESSFdkw  /110
N05-339,ESSFdk 1 /101
N05-356,ESSFdkw  /102
N05-365,ESSFdk 2 /101
N05-373,ESSFmm 3 /112
N05-377,ESSFmm 3 /111
N05-381,ESSFdk 1 /103
N05-387,ESSFdk 1 /101
N05-399,ESSFdk 1 /103
N05-403,ESSFdk 1 /103
N05-411,ESSFdkw  /103
N05-441,ESSFdkw  /101.1
N05-456,ESSFdkw  /103
N05-457,ESSFdkw  /102
N05-464,ESSFdkw  /101.2
N05-475,ESSFdkw  /110
N05-476,ESSFdkw  /101.1
N05-479,ESSFdkw  /102
N05-490,ESSFdk 2 /101
N05-494,ESSFdk 2 /101
N05-498,ESSFdk 2 /104
N05-503,ESSFdk 1 /104
N05-521,ESSFdkw  /103
N05-522,ESSFdkw  /102
N05-541,ESSFdk 1 /110
N05-542,ESSFdk 1 /110
N05-544,ESSFdk 1 /111
N05-546,ESSFdk 1 /104
N05-547,ESSFdk 1 /104
N05-599,ESSFdk 2 /110
N06-088,ESSFdkw  /101.1
N061419,ESSFdk 1 /110
N061420,ESSFdk 1 /101
N061421,ESSFdk 1 /110
N061422,ESSFdk 1 /101
N06-348,ESSFwm 1 /104
N06-350,ESSFwm 1 /104
N06-366,ESSFdk 2 /104
N06-370,ESSFwm 1 /112
N06-372,ESSFwm 1 /110
N06-374,ESSFwm 1 /103
N06-384,ESSFwm 1 /104
N06-386,ESSFwm 1 /111
N06-387,ESSFdk 2 /104
N06-392,ESSFdk 2 /110
N06-393,ESSFdk 2 /112
N06-402,MS  dk   /111b (Ws07)
N06-420,ESSFdk 2 /101
N06-421,ESSFdk 2 /104
N06-424,ESSFdk 2 /110
N06-425,ESSFdk 2 /112
N06-440,ESSFdk 1 /110
N06-444,ESSFdk 1 /111
N06-468,ESSFdk 1 /103
N06-470,ESSFdk 1 /110
N06-472,ESSFdk 1 /101
N06-473,ESSFdk 1 /103
N06-494,ESSFdk 1 /101
N06-495,ESSFdk 1 /110
N06-503,ESSFdk 2 /110
N06-903,ESSFdk 2 /101
N06-905,ESSFdk 2 /101
N06-916,ESSFdk 1 /104
N06-917,ESSFdk 1 /104
N06-918,ESSFdkw  /101.2
N06-921,ESSFdk 1 /101
N06-923,ESSFdk 1 /110
N06-924,ESSFdk 1 /101
N06-937,ESSFwm 1 /110
N06-939,ESSFwm 1 /101
N06-940,ESSFwm 1 /104
N073301,ESSFwh 3 /112
N073302,ESSFwm 3 /105
N073303,ESSFwh 3 /110
N073304,ESSFwh 3 /101
N073306,ESSFwh 3 /104.2
N073345,ESSFwh 3 /101
N073349,ESSFwm 3 /110
N073350,ESSFwm 3 /111
N073351,ESSFwm 3 /110
N073353,ESSFwm 3 /111
N073356,ESSFwmw  /101
N073372,ESSFwh 2 /112
N073375,ESSFwh 3 /104.2
N073381,ESSFwm 3 /111
N073385,ESSFwm 4 /101
N073386,ESSFwm 4 /110
N073387,ESSFwm 4 /110
N073391,ESSFwmw  /103
N073392,ESSFwm 2 /104
N073393,ESSFwh 2 /101
N073395,ESSFwm 4 /103.1
N073400,ESSFwh 3 /110
N074104,ESSFmh   /101
N074105,ESSFmh   /105
N074106,ESSFmh   /112
N074108,ESSFwh 3 /104.2
N074109,ESSFwh 3 /104.2
N074110,ESSFwh 3 /110
N074112,ESSFwh 3 /104.1
N074114,ESSFwh 3 /110
N074115,ESSFwh 3 /104.1
N074120,ESSFwm 3 /105
N074121,ESSFwm 3 /110
N074122,ESSFwm 3 /101
N074123,ESSFwm 3 /102
N074145,ESSFwm 3 /110
N074146,ESSFwh 3 /110
N074153,ESSFwh 3 /101
N074154,ESSFwh 3 /101
N074205,ESSFwh 3 /101
N074210,ESSFwm 3 /105
N074217,ESSFwm 3 /110
N074229,ESSFwh 3 /101
N074230,ESSFwh 3 /103
N074231,ESSFwm 3 /101
N074234,ESSFwh 3 /104.2
N074235,ESSFwh 2 /110
N074240,ESSFwh 3 /104.1
N074241,ESSFwh 3 /104.1
N074242,ESSFwh 3 /110
N074243,ESSFwh 3 /101
N074245,ESSFwm 4 /110
N074258,ESSFwmw  /103
N074260,ESSFwm 3 /105
N074275,ESSFwm 4 /103.1
N074277,ESSFwm 3 /101
N074278,ESSFwm 3 /104
N074279,ESSFwh 3 /101
N074293,ESSFwmw  /101
N074295,ESSFwc 4 /103b
N074296,ESSFwh 3 /110
N074297,ESSFwh 3 /101
N074299,ESSFwc 4 /111
N074300,ESSFwc 4 /103a
N074404,ESSFwh 3 /104.1
N074427,ESSFwh 3 /101
N074428,ESSFwh 3 /110
N074429,ESSFwh 3 /112
N074435,ESSFwm 3 /101
N074438,ESSFwh 3 /102
N074439,ESSFwh 3 /110
N074440,ESSFwm 3 /103
N074441,ESSFwh 3 /104.1
N074442,ESSFwh 3 /110
N074448,ESSFwm 3 /110
N074449,ESSFwh 3 /103
N074450,ESSFwh 3 /104.1
N074455,ESSFwm 4 /103.2
N074456,ESSFwm 4 /103.2
N074457,ESSFwm 3 /105
N074458,ESSFwm 3 /103
N074459,ESSFwh 3 /112
N074460,ESSFwm 4 /111
N074463,ESSFwm 4 /102b
N074465,ESSFwm 4 /101
N074466,ESSFwm 3 /101
N074469,ESSFwmw  /101
N074472,ESSFwmw  /101
N074473,ESSFwm 3 /111
N074475,ESSFwm 3 /105
N074478,ESSFwm 3 /110
N074479,ESSFwm 3 /110
N074480,ESSFwh 3 /110
N074481,ESSFwh 3 /104.2
N074483,ESSFwh 3 /101
N074493,ESSFwc 4 /103b
N074495,ESSFwh 1 /103
N074499,ESSFwm 3 /105
N074500,ESSFwm 3 /112
N075001,ESSFwm 4 /103.1
N075002,ESSFwm 4 /111
N075044,ESSFwcw  /110
N075049,ESSFwh 3 /104.1
N075053,ESSFwh 3 /102
N075058,ESSFwm 2 /112
N075059,ESSFwm 2 /111
N075060,ESSFwm 2 /101
N075063,ESSFwm 2 /102
N075065,ESSFwm 2 /103
N075076,ESSFmh   /110
N075091,ESSFwm 2 /111
N075093,ESSFwmw  /110
N075096,ESSFwmw  /103
N075098,ESSFwmw  /103
N075099,ESSFmh   /112
N075100,ESSFdc 1 /102
N075553,ESSFwmw  /103
N075554,ESSFwmw  /101
N075555,ESSFwmw  /110
N075578,ESSFwm 3 /111
N075579,ESSFwm 3 /103
N075587,ESSFwm 4 /111
N076003,ESSFwh 1 /110.2
N076007,ESSFwc 4 /101
N076008,ESSFwh 1 /103
N076010,ESSFwm 3 /102
N076011,ESSFwm 3 /105
N076012,ESSFwm 3 /111
N076013,ESSFwh 3 /110
N076014,ESSFwh 3 /104.2
N076015,ESSFwh 3 /101
N076016,ESSFwh 3 /103
N076017,ESSFwh 3 /104.1
N076018,ESSFwh 3 /110
N076019,ESSFwh 3 /101
N076020,ESSFwh 3 /101
N076021,ESSFwh 3 /101
N076023,ESSFwm 3 /101
N076024,ESSFwm 3 /111
N076030,ESSFwm 2 /110
N076031,ESSFwh 3 /101
N076032,ESSFwh 2 /110
N076033,ESSFwh 3 /104.2
N076037,ESSFwc 4 /111
N076038,ESSFwc 4 /110
N076044,ESSFwh 3 /104.1
N076045,ESSFwh 3 /104.1
N076056,ESSFwh 3 /104.2
N076057,ESSFwh 3 /101
N076059,ESSFwmw  /101
N076060,ESSFwmw  /101
N076061,ESSFwmw  /103
N076064,ESSFwmw  /110
N076065,ESSFwm 4 /101
N076066,ESSFwm 3 /101
N076067,ESSFwm 4 /101
N076090,ESSFwm 3 /103
N076091,ESSFwm 4 /103.1
N076092,ESSFwm 4 /110
N076093,ESSFwm 4 /101
N076094,ESSFwm 4 /110
N076095,ESSFwm 4 /101
N076096,ESSFwm 4 /102b
N076097,ESSFwm 4 /101
N076098,ESSFwm 3 /111
N076099,ESSFwm 3 /112
N076422,ESSFwmw  /102
N076434,ESSFwmw  /101
N076441,ESSFwm 4 /111
N076442,ESSFwm 4 /101
N076451,ESSFwm 3 /105
N076461,ESSFwmw  /101
N076463,ESSFwm 3 /101
N076469,ESSFwm 4 /103.2
N076472,ESSFwm 4 /102b
N076473,ESSFwm 4 /103.1
N076478,ESSFwm 3 /105
N076479,ESSFwm 3 /103
N076481,ESSFwm 2 /102
N076488,ESSFwh 3 /103
N076495,ESSFwm 3 /111
N076496,ESSFwm 3 /101
N083329,ESSFwh 2 /110
N086086,ESSFwm 2 /101
N086088,ESSFwm 2 /110
N706211,ESSFwm 4 /101
N770302,ESSFwh 1 /103
N770303,ESSFwc 4 /110
N770304,ESSFwc 4 /102
N770314,ESSFwc 4 /103b
N770315,ESSFwc 4 /111
N801892,ESSFdk 2 /111
N812090,ESSFwc 4 /103b
N812235,ESSFwh 1 /110.1
N812239,ESSFwcw  /101
N812247,ESSFwc 4 /102
N99G07,ESSFdk 1 /104
N99G12,ESSFwm 1 /104
N99G21,ESSFdk 1 /110
NCCK114,ESSFdk 1 /101
NCCK116,ESSFdk 1 /111
NCCK122,ESSFdk 1 /103
NCCK127,ESSFdkw  /101.2
NCCK131,ESSFdk 1 /101
NCCK99,ESSFdk 1 /103
NFI0004,ESSFwc 4 /102
NFI0030,ESSFwmw  /103
NFI0089,ESSFwh 1 /103
NPSP008,ESSFmh   /111
NTP-115,ESSFwc 2 /01
NTP-119,ESSFwc 2 /01
NTP-334,ESSFwc 2 /09
NTP-335,ESSFwc 2 /03
NTP-410,ESSFwc 2 /03
NTP-417,ESSFwc 2 /03
NTP-502,ESSFwc 2 /04
NTP-503,ESSFwc 2 /03
NTP-504,ESSFwc 2 /01
NTP-506,ESSFwc 2 /07
NTP-507,ESSFwc 2 /01
NTP-509,ESSFwc 2 /03
NTP-511,ESSFwc 2 /04
NTP-550,ESSFwc 2 /03
NTP-551,ESSFwc 2 /07
NTP-554,ESSFwc 2 /09
NTP-555,ESSFwc 2 /03
NTP-557,ESSFwc 2 /03
NTP-605,ESSFwc 2 /03
NTP-608,ESSFwc 2 /09
NTP-609,ESSFwc 2 /03
NTP-610,ESSFwc 2 /03
NTP-611,ESSFwc 2 /04
NTP-613,ESSFwc 2 /09
NTP-614,ESSFwc 2 /03
NTP-615,ESSFwc 2 /03
NTP-617,ESSFwc 2 /01
NTP-618,ESSFwc 2 /09
NTP-624,ESSFwc 2 /03
NTP-626,ESSFwc 2 /04
NTP-627,ESSFwc 2 /01
NTP-628,ESSFwc 2 /06
NTP-629,ESSFwc 2 /01
NTP-704,ESSFwc 2 /07
NTP-705,ESSFwc 2 /04
NTP-709,ESSFwc 2 /09
NTP-711,ESSFwc 2 /04
NTP-713,ESSFwc 2 /01
NTP-714,ESSFwc 2 /06
NTP-717,ESSFwc 2 /03
NTP-720,ESSFwc 2 /04
NTP-722,ESSFwc 2 /10
NTP-723,ESSFwc 2 /03
NTP-724,ESSFwc 2 /09
NTP-725,ESSFwc 2 /03
NTP-726,ESSFwc 2 /01
NTP-727,ESSFwc 2 /01
NTP-730,ESSFwc 2 /01
NTP-737,ESSFwc 2 /03
NTP-745,ESSFwc 2 /03
NTP-746,ESSFwc 2 /01
NTP-749,ESSFwc 2 /10
NTP-750,ESSFwc 2 /04
NTP-751,ESSFwc 2 /04
NTP-752,ESSFwcw  /104.2
NTP-755,ESSFwcw  /101
NTP-758,ESSFwc 2 /03
NTP-759,ESSFwc 2 /03
NWTF10,ESSFmc   /06
O801859,ESSFwm 2 /111
O801864,ESSFdk 2 /104
O801865,ESSFdk 2 /101
O801877,ESSFdk 1 /104
O801881,ESSFdk 2 /104
O812231,ESSFwh 2 /110
O812232,ESSFwh 2 /104
O812234,ESSFwh 2 /104
O812291,ESSFwh 2 /110
O812292,ESSFwh 2 /104
OL95DL6,ESSFmw 1 /101.1
OL95GH6,ESSFmw 1 /110
P801815,ESSFdk 2 /101
P801817,ESSFdk 2 /104
P801834,ESSFdk 2 /104
P801836,ESSFdk 2 /111
P801846,ESSFdk 2 /111
P801847,ESSFdk 2 /101
P801925,ESSFdk 2 /104
PA1070,ESSFdkw  /101.2
PA1071,ESSFdk 2 /104
PA2028,ESSFdkw  /103
PA2043,ESSFdkw  /110
PA2045,ESSFdk 2 /101
PA2059,ESSFdk 2 /104
PA2060,ESSFmm 3 /110
PA2065,ESSFmm 3 /110
PA2066,ESSFmm 3 /101
PD00381,ESSFdkw  /101.1
PD00383,ESSFdkw  /101.1
PD00404,ESSFdkw  /103
PD00408,ESSFdk 1 /103
PD00420,ESSFdk 2 /101
PSP9213,ESSFdk 1 /110
PSP9215,ESSFdk 1 /104
PSP9305,ESSFdk 1 /104
PSP9311,ESSFdk 1 /104
PSP9312,ESSFdk 1 /104
Q801789,ESSFdkw  /101.1
R000001,ESSFwk 2 /01
R000010,ESSFwk 2 /04
R000012,ESSFwk 2 /06
R000017,ESSFwk 2 /06
R000026,ESSFwk 2 /06
R1022,ESSFmc   /01
R1024,ESSFmc   /01
R-64,ESSFmh   /101
R770101,ESSFdc 2 /101
R770103,MS  dm 1 /112
R770271,ESSFwcw  /101
R780381,MS  dm 1 /112
R780423,MS  dm 1 /112
RC6104,ESSFxc 2 /101
RC6156,ESSFdc 3 /101  
RC6603,ESSFdc 2 /101
RC7077,ESSFdc 2 /101
RC7809,ESSFxc 1 /104
RC7811,ESSFxc 1 /110
RC7812,ESSFdc 2 /101
RC7813,ESSFxc 1 /110
REC3215,ESSFwc 2 /01
REC3234,ESSFwc 2 /03
REC3242,ESSFwc 2 /01
REC3244,ESSFwc 2 /07
REC3245,ESSFwc 2 /05
REC3252,ESSFwc 2 /04
REC3258,ESSFwc 2 /05
REC3262,ESSFdc 3 /105
REC3263,ESSFdc 3 /104
REC3264,ESSFdc 3 /102
REC3266,ESSFwc 2 /01
REC3287,ESSFwc 2 /09
REC3313,ESSFwc 2 /01
REC3325,ESSFwc 2 /01
REC4020,ESSFwc 2 /06
REC4111,ESSFwc 2 /01
REC4136,ESSFwc 2 /09
REC4138,ESSFwc 2 /06
REC4148,ESSFvv   /01
REC4149,ESSFwc 2 /07
REC4153,ESSFwc 2 /04
REC4154,ESSFwcw  /104.2
REC4158,ESSFwc 2 /01
REC4161,ESSFwcw  /101
REC4166,ESSFvv   /03
REC8902,ESSFdk 1 /104
REC890B,ESSFwc 2 /01
REC8910,ESSFdk 2 /104
RECFGB1,ESSFwc 2 /06
RECFGB4,ESSFwc 2 /01
RECFGB5,ESSFwc 2 /06
RECFGB6,ESSFwc 2 /03
RECFGD2,ESSFwc 2 /04
RG002,ESSFwc 2 /01
RG004,ESSFwc 2 /03
RS23261,ESSFdkw  /101.1
RS23262,ESSFdkw  /101.1
RS23349,ESSFdk 2 /111
RS23352,ESSFdk 2 /104
RS23366,ESSFdk 2 /101
S770098,ESSFmh   /104
S770108,ESSFdc 2 /101
S770110,ESSFdc 1 /103
S770112,ESSFdc 1 /110
S770119,ESSFmh   /111
S770123,ESSFdcw  /102
S770124,ESSFdcw  /110
S770125,ESSFdc 1 /111
S770126,ESSFdc 1 /112
S770127,ESSFdc 1 /104
S770132,ESSFdc 1 /103
S770133,ESSFdc 1 /101
S780401,ESSFmh   /110
S780429,MS  dm 1 /112
S780430,ESSFmh   /104
S780433,MS  dm 1 /112
S812083,ESSFmh   /110
SCA1011,ESSFwc 4 /110
SCA5090,ESSFwc 4 /112
SCB2048,ESSFwc 4 /103b
SCB2049,ESSFwc 4 /101
SCB4063,ESSFwc 4 /112(Ws08)
SCB4068,ESSFwc 4 /110
SCB4071,ESSFwc 4 /103a
SCC2421,ESSFwc 4 /111
SCC3081,ESSFwc 4 /112
SCC4107,ESSFwc 4 /101
SCC5006,ESSFwc 4 /111
SCFR004,ESSFwc 4 /101
SCS0002,ESSFwc 4 /103a
SCTH004,ESSFwc 4 /101
SCTR005,ESSFwc 4 /103b
SD2006,ESSFmm 3 /101
SD2018,ESSFdk 2 /104
SD2031,ESSFdkw  /103
SD2036,ESSFdkw  /101.2
SD2055,ESSFdkw  /102
SD2068,ESSFdkw  /103
SD2088,ESSFdkw  /101.1
SF112,ESSFdkw  /110
SF143,ESSFdk 2 /101
SF293,ESSFdk 2 /104
SF316,ESSFdk 2 /111
SF320,ESSFdk 2 /104
SF378,ESSFdkw  /110
SF43,ESSFdk 2 /104
SF57,ESSFdk 2 /101
SN128-1,ESSFdc 1 /101
T118,ESSFmm 3 /101
T130,ESSFmm 3 /103
T1546,ESSFmm 3 /101
T1549,ESSFmm 3 /101
T158,ESSFmm 3 /101
T160,ESSFmm 3 /101
T214,ESSFmm 3 /110
T218,ESSFmm 3 /101
T281,ESSFmm 3 /112
T351,ESSFmm 3 /101
T364,ESSFmm 3 /111
T41,ESSFdk 2 /111
T426,ESSFmm 3 /110
T427,ESSFmm 3 /101
T532,ESSFdk 2 /110
T68,ESSFmm 3 /110
T680,ESSFdk 2 /111
T770306,ESSFwc 4 /103a
T770308,ESSFwc 4 /103a
T770309,ESSFwc 4 /110
T770311,ESSFwc 4 /101
T770320,ESSFwc 4 /112(Ws08)
T770322,ESSFwc 4 /110
T770323,ESSFwc 4 /101
T812014,ESSFwh 1 /110.1
T812163,ESSFwc 4 /110
T812215,ESSFwc 4 /103b
T994,ESSFmm 3 /111
T999,ESSFmm 3 /101
Teck077,ESSFdk 1 /104
Teck325,ESSFdk 1 /101
Teck326,ESSFdk 1 /104
Teck342,ESSFdk 1 /101
Teck345,ESSFdk 1 /101
Teck464,ESSFdk 1 /101
Teck652,ESSFdk 1 /104
TED 78,ESSFwcw  /104.2
TED 83,ESSFwcw  /104.2
TED 86,ESSFwcw  /101
TED 87,ESSFwcw  /110
TED 88,ESSFwcw  /110
TED 92,ESSFwc 2 /07
TFC001,ESSFdc 3 /101  
TFC009,ESSFxc 2 /103a
TFC012,ESSFxc 2 /101
TFC013,ESSFxc 2 /101
TFC014,ESSFxc 2 /111
TFC030,ESSFxc 2 /110
TFC031,ESSFxc 2 /110
TFLS3,ESSFdk 2 /104
TFLS30,ESSFdk 2 /104
TR0002,ESSFdv 1 /101
TR0010,ESSFdv 1 /101
TR0011,ESSFdv 1 /101
TR0014,ESSFdv 1 /104
TR0016,ESSFdv 1 /104
TR0017,ESSFdv 1 /110
TR0019,ESSFdv 1 /104
TR0021,ESSFdv 1 /110
TR0022,ESSFdv 1 /104
TR0026,ESSFdv 1 /110
TR0027,ESSFdv 1 /104
TR0029,ESSFdv 1 /110
TR0030,ESSFdv 1 /101
TR0101,ESSFdv 1 /111
TR1200,MS  dc 1 /110
TR3000,MS  dc 1 /110
TSB167,ESSFxc 2 /101
TSB168,ESSFxc 2 /110
TSB187,ESSFdc 3 /110
TSR001,ESSFdc 3 /101  
TSR002,ESSFdc 3 /105
TSR003,ESSFdc 3 /112
TSR015,ESSFdc 3 /110
TSR035,ESSFdc 2 /104a
TSR037,ESSFdc 2 /101
TSR040,ESSFdc 2 /105
TSR041,ESSFdc 2 /110
TSR042,ESSFdc 2 /105
TSR043,ESSFdc 2 /104a
TSR053,ESSFdc 2 /104a
TSR069,ESSFxc 2 /110
TSR070,ESSFxc 2 /110
TSR072,ESSFxc 2 /101
TSR073,ESSFxc 2 /110
TSR091,ESSFdc 2 /101
TSR114,ESSFdc 2 /105
U812043,ESSFwh 2 /104
U812044,ESSFwh 2 /110
U812049,ESSFwh 2 /104
U812050,ESSFwh 2 /110
U812052,ESSFwh 2 /110
U812274,ESSFwh 2 /101
U812282,ESSFwm 2 /101
UC 121,ESSFdh 1 /110
UC 122,ESSFdh 1 /101
UC 123,ESSFdh 1 /101
V796938,ESSFdk 2 /111
V801801,ESSFdk 2 /104
VRI1007,ESSFwk 2 /01
VRI1012,ESSFwk 2 /06
VRI1014,ESSFwk 2 /03
VRI1016,ESSFwk 2 /05
VRI1019,ESSFmv 2 /01
VRI1020,ESSFmv 2 /01
VRI1021,ESSFmv 2 /01
VRI323,ESSFwk 2 /01
VRI325,ESSFwk 2 /05
VRI337,ESSFwk 2 /01
VRI361,ESSFwk 2 /04
VRI428,ESSFwk 1 /01
VRI454,ESSFmv 2 /01
VRI455,ESSFmv 2 /01
VRI456,ESSFmv 2 /04
VRI457,ESSFmv 2 /04
VRI467,ESSFmv 2 /01
VRI475,ESSFmv 2 /01
VRI481,ESSFmv 2 /01
VRI482,ESSFmv 2 /01
VRI485,ESSFmv 2 /01
VRI486,ESSFmv 2 /01
VRI487,ESSFmv 2 /01
VRI489,ESSFwk 2 /01
VRI490,ESSFwk 2 /01
VRI493,ESSFmv 2 /02
VRI494,ESSFmv 2 /02
VRI500,ESSFmv 4 /01
VRI506,ESSFmv 2 /01
VRI510,ESSFmv 2 /01
VRI514,ESSFmv 2 /05
VRI515,ESSFmv 2 /05
VRI517,ESSFmv 2 /04
VRI518,ESSFmv 2 /02
VRI521,ESSFmv 2 /04
VRI532,ESSFmv 2 /01
VRI533,ESSFmv 2 /02
VRI534,ESSFmv 2 /02
VRI535,ESSFmv 2 /01
VRI536,ESSFmv 2 /01
VRI538,ESSFmv 2 /01
VRI540,ESSFmv 2 /01
VRI549,ESSFmv 2 /01
VRI550,ESSFmv 2 /01
VRI565,ESSFmv 2 /03
VRI566,ESSFmv 2 /03
VRI572,ESSFmv 2 /01
VRI573,ESSFmv 2 /01
VRI574,ESSFmv 2 /01
VRI575,ESSFmv 2 /01
VRI578,ESSFwk 2 /01
VRI583,ESSFmv 2 /04
VRI584,ESSFmv 2 /04
VRI587,ESSFmv 2 /05
VRI588,ESSFmv 2 /05
VRI597,ESSFmv 2 /04
VRI598,ESSFmv 2 /04
VRI606,ESSFmv 3 /01
VRI610,ESSFmv 2 /01
VRI611,ESSFmv 2 /02
VRI643,ESSFwk 1 /07
VRI653,ESSFwk 1 /03
VRI683,ESSFvc   /01
VRI684,ESSFvc   /01
VRI706,ESSFwc 2 /01
VRI734,ESSFmv 2 /01
VRI749,ESSFmv 4 /01
VRI750,ESSFmv 3 /01
VRI755,ESSFmv 3 /01
VRI768,ESSFmv 4 /01
VRI790,ESSFmv 4 /01
VRI799,ESSFmv 4 /01
VRI804,ESSFwk 2 /02
VRI834,ESSFmk   /05
VRI835,ESSFwv   /01
VRI909,ESSFwk 2 /01
VRI910,ESSFmv 2 /04
VRI921,ESSFwk 2 /01
VRI927,ESSFmv 2 /04
VRI929,ESSFwk 2 /01
VRI931,ESSFwk 2 /01
VRI937,ESSFwk 2 /06
VRI939,ESSFwk 2 /03
VRI942,ESSFwk 2 /05
VRI946,ESSFwk 2 /01
VRI953,ESSFmv 2 /02
VRI954,ESSFwk 2 /02
VRI955,ESSFmv 2 /01
VRI958,ESSFwk 2 /01
VRI959,ESSFmv 2 /01
VRI961,ESSFwk 2 /01
VRI963,ESSFmv 2 /01
VRI993,ESSFmv 2 /01
VRI994,ESSFmv 2 /01
VRI995,ESSFmv 2 /01
VTF76,ESSFwv   /01
VV0036,ESSFmw 1 /101.2
VV0129,ESSFmw 1 /101.1
WG84-17,ESSFwc 2 /04
WG84-34,ESSFwc 2 /04
WG84-35,ESSFwc 2 /01
WG84-56,ESSFwc 2 /01
WG84-58,ESSFwc 2 /01
WG84-64,ESSFwc 2 /01
WG84-70,ESSFwcw  /104.2
Wyn-R10,ESSFwm 4 /102b
Wyn-R12,ESSFwm 4 /101
Wyn-R13,ESSFwm 4 /101
Wyn-R16,ESSFwm 4 /110
Wyn-R17,ESSFwh 2 /110
Wyn-R18,ESSFwm 2 /104
Wyn-R19,ESSFwh 2 /103
Wyn-R21,ESSFwh 2 /103
Wyn-R22,ESSFwh 2 /104
Wyn-R23,ESSFwh 2 /104
Wyn-R26,ESSFwm 2 /103
Wyn-R29,ESSFwh 2 /104
Wyn-R33,ESSFwm 2 /101
Wyn-R34,ESSFwm 2 /104
Wyn-R7,ESSFwm 4 /110
Wyn-R8,ESSFwm 4 /103.1
Wyn-R9,ESSFwm 4 /103.1
Wyn-S20,ESSFwh 2 /101
X770020,ESSFdc 2 /110
X770022,ESSFdc 2 /110
X770023,ESSFdc 2 /104a
X770045,ESSFdc 2 /105
X770073,ESSFdc 2 /110
X770075,ESSFdc 2 /110
X770076,ESSFdc 2 /106
X770078,ESSFdc 2 /106
X770079,ESSFdc 2 /106
X770082,ESSFdc 2 /106
X770085,ESSFdc 2 /104b
X780348,ESSFdc 2 /110
X780353,ESSFdc 2 /104a
X780363,ESSFdc 2 /104a
X780364,ESSFdc 2 /110
X780370,ESSFdcw  /103
X780371,ESSFdc 2 /104a
X780374,ESSFdc 2 /105
X780375,ESSFdc 2 /104a
X780376,ESSFdc 2 /106
X780378,ESSFdc 2 /106
X780385,ESSFdc 2 /101
XAI394,ESSFwc 4 /101
XAI904,ESSFwc 4 /103b
Y770017,MS  dm 1 /112
Y770026,MS  dm 1 /112
Y770033,ESSFdcw  /103
Y770038,MS  dm 1 /112
Y770057,MS  dm 1 /112
Y770058,ESSFdc 1 /111
Y770060,ESSFdc 1 /101
Y770062,ESSFdc 1 /110
Y770063,ESSFdc 1 /104
Y770064,ESSFdc 1 /103
Y770065,ESSFdc 1 /110
Y770066,ESSFdc 1 /101
Y770068,ESSFdc 1 /101
Y770069,ESSFdc 1 /111
Y770070,ESSFdc 1 /101
Y770071,ESSFdc 1 /110
Y780317,MS  dm 1 /112
Y812288,ESSFmh   /110
Y812290,ESSFmh   /101
Y826800,ESSFmh   /111
Y826801,ESSFmh   /105
Z812162,ESSFwh 3 /104.1
Z812198,ESSFmh   /104
Z812202,ESSFmh   /110
