"SubAssociation","SubAssociation1","Score","Association1","Association","movetosubass"
"%ASSOC Abielas-Abieama-Menzfer-Rubuped(mw2 alt)","SUBASS BlBa-Vaccmem-Pleusch(Hylospl)",8,"ASSOC Abielas-Abieama-Vaccmem-Pleusch (ESSFdh zonal)","%ASSOC Abielas-Abieama-Menzfer-Rubuped(mw2 alt)",1
"%ASSOC Abielas-Oplohor-Rhodalb","SUBASS Bl-Gymndry-Ptilcri(typic)",7.71428571428571,"ASSOC Abielas-Gymndry-Corncan-Ptilcri (wk zonals)","%ASSOC Abielas-Oplohor-Rhodalb",1
"%ASSOC Abielas-Rhodalb-Equiset","SUBASS Bl-Rhodalb-Pleusch-Ptilcri(Hylospl)",5.33333333333333,"ASSOC Abielas-Rhodalb-Pleusch-Ptilcri (mv zonals)","%ASSOC Abielas-Rhodalb-Equiset",1
"%ASSOC Abielas-Vaccmem-Racomit","ASSOC Abielas-Vaccmem-Paximyr",5.57142857142857,"ASSOC Abielas-Vaccmem-Paximyr","%ASSOC Abielas-Vaccmem-Racomit",1
"%ASSOC AbielasPiceeng-Gymndry-Rubuped","ASSOC Abielas-Gymndry-Dicranu",7.54,"ASSOC Abielas-Gymndry-Dicranu","%ASSOC AbielasPiceeng-Gymndry-Rubuped",1
"%ASSOC AbielasPiceeng-Gymndry-Rubuped","SUBASS Bl-Rhodalb-Gymndry(Menzfer)",9.88753387533875,"ASSOC Abielas-Rhodalb-Gymndry (wc zonals)","%ASSOC AbielasPiceeng-Gymndry-Rubuped",1
"%ASSOC Bl-Equiset-Mnium(Sphagnu)","SUBASS Bl-Gymndry-Equiset(typic)",5.31818181818182,"ASSOC Abielas-Gymndry-Equiset (Northern)","%ASSOC Bl-Equiset-Mnium(Sphagnu)",1
"%ASSOC Bl-Vaccmem-Racomit","SUBASS Bl-Menzfer-Rhodalb-Xeroten(typic)",9.38461538461539,"ASSOC Abielas-Menzfer-Rhodalb-Xeroten","%ASSOC Bl-Vaccmem-Racomit",1
"%ASSOC Bl-Vaccmem-Racomit","ASSOC BlPa - Vaccmem - Cladoni",2.89285714285714,"ASSOC BlPa - Vaccmem - Cladoni","%ASSOC Bl-Vaccmem-Racomit",1
"%ASSOC Bl-Vaccmem-Racomit","SUBASS Bl-Rhodalb-Pleusch-Dicranu(typic)",9.79945054945055,"ASSOC Abielas-Rhodalb-Pleusch-Dicranu (dv zonals)","%ASSOC Bl-Vaccmem-Racomit",1
"%ASSOC Bl-Vaccmem-Racomit","ASSOC Abieslas-Rhodalb-Vaccmem-Tiartri",6.63981762917933,"ASSOC Abieslas-Rhodalb-Vaccmem-Tiartri","%ASSOC Bl-Vaccmem-Racomit",1
"%ASSOC Bl-Vaccmem-Racomit","ASSOC Abielas(Larilya)-Vaccmem-Vaccsco-Luzula",8.01428571428571,"ASSOC Abielas(Larilya)-Vaccmem-Vaccsco-Luzula","%ASSOC Bl-Vaccmem-Racomit",1
"%ASSOC Bl-Vaccmem-Racomit","ASSOC BlFd-Vaccmem-Paximyr",6.625,"ASSOC BlFd-Vaccmem-Paximyr","%ASSOC Bl-Vaccmem-Racomit",1
"%ASSOC Bl-Vaccmem-Racomit","ASSOC Abielas-Vaccmem-Paximyr",2.19047619047619,"ASSOC Abielas-Vaccmem-Paximyr","%ASSOC Bl-Vaccmem-Racomit",1
"%ASSOC Bl-Vaccmem-Racomit","%ASSOC BlLa - Heron s-bill moss",7.35714285714286,"%ASSOC BlLa - Heron s-bill moss","%ASSOC Bl-Vaccmem-Racomit",1
"%ASSOC BlLa - Heron s-bill moss","SUBASS BlSe-Vaccsco-Barblyc",9.375,"ASSOC BlSe-Vaccsco-Valesit (xc zonals)","%ASSOC BlLa - Heron s-bill moss",1
"%ASSOC BlLa - Heron s-bill moss","ASSOC Abielas(Larilya)-Vaccmem-Vaccsco-Luzula",1.46666666666667,"ASSOC Abielas(Larilya)-Vaccmem-Vaccsco-Luzula","%ASSOC BlLa - Heron s-bill moss",1
"%ASSOC Piceene-Equiset-Thalocc?","SUBASS Sxw-Equiset-Aulapal(Hylospl)",3.45121951219512,"ASSOC Piceene-Equiset-Aulapal","%ASSOC Piceene-Equiset-Thalocc?",1
"%ASSOC Picegla-Betunan-Calacan","%ASSOC Picegla-Salix-Hylospl",3.25,"%ASSOC Picegla-Salix-Hylospl","%ASSOC Picegla-Betunan-Calacan",1
"%ASSOC Picegla-Pinucon-Shepcan-Astecon","SUBASS Sb-Vaccmem-Vaccvit(typic)",9.86,"ASSOC Picemar-Vaccmem-Vaccvit","%ASSOC Picegla-Pinucon-Shepcan-Astecon",1
"%ASSOC Pinualb-Abielas-Cladoni%","ASSOC Pinualb-Abielas-Junicom-Shepcan",9.44871794871795,"ASSOC Pinualb-Abielas-Junicom-Shepcan","%ASSOC Pinualb-Abielas-Cladoni%",1
"%ASSOC SeBl-Equiarv-Gymndry","SUBASS Bl-Gymndry-Equiset(typic)",6.67424242424242,"ASSOC Abielas-Gymndry-Equiset (Northern)","%ASSOC SeBl-Equiarv-Gymndry",1
"?ASSOC Abielas-Tsugmer-Gymndry","%ASSOC Abielas-Tsugmer-Strelan (ESSFmk zonal)",6.66666666666667,"%ASSOC Abielas-Tsugmer-Strelan (ESSFmk zonal)","?ASSOC Abielas-Tsugmer-Gymndry",1
"ASSOC Abielas-Abieama-Rubuped-Rhytrob (ESSFmw alternate zonal)","SUBASS BlBa-Rhodalb-Rubuped(Valesit)",2,"ASSOC Abielas-Abieama-Rhodalb-Rubuped (ESSFmw zonals)","ASSOC Abielas-Abieama-Rubuped-Rhytrob (ESSFmw alternate zonal)",1
"ASSOC Abielas-Abieama-Vaccmem-Dicranu","SUBASS BlBa-Vaccmem-Pleusch(Hylospl)",7.41428571428571,"ASSOC Abielas-Abieama-Vaccmem-Pleusch (ESSFdh zonal)","ASSOC Abielas-Abieama-Vaccmem-Dicranu",1
"ASSOC Abielas-Abieama-Vaccmem-Dicranu","ASSOC Abielas-Vaccmem-Paximyr",9.3,"ASSOC Abielas-Vaccmem-Paximyr","ASSOC Abielas-Abieama-Vaccmem-Dicranu",1
"ASSOC Abielas-Gymndry-Dicranu","SUBASS BlHm-Vaccmem(Menzfer)",9.47058823529412,"ASSOC Abielas-(Tsugmer)-Vaccmem (wv zonal)","ASSOC Abielas-Gymndry-Dicranu",1
"ASSOC Abielas-Loniinv-Athyfil","ASSOC Abielas-Athyfil-Equiset",5.59230769230769,"ASSOC Abielas-Athyfil-Equiset","ASSOC Abielas-Loniinv-Athyfil",1
"ASSOC Abielas-Menzfer-Ribelac","SUBASS Bl-Vaccmem-Pleusch(Barblyc - mc zonal)",5.84782608695652,"ASSOC Abielas-Vaccmem-Pleusch (mc zonals)","ASSOC Abielas-Menzfer-Ribelac",1
"ASSOC Abielas-Menzfer-Vaccmyt","ASSOC Abielas-Rhodalb-Menzfer",8.6510989010989,"ASSOC Abielas-Rhodalb-Menzfer","ASSOC Abielas-Menzfer-Vaccmyt",1
"ASSOC Abielas-Menzfer-Xeroten","ASSOC Abielas-Menzfer-Vaccmyt",5.39285714285714,"ASSOC Abielas-Menzfer-Vaccmyt","ASSOC Abielas-Menzfer-Xeroten",1
"ASSOC Abielas-Menzfer-Xeroten","SUBASS Bl-Menzfer-Rhodalb-Xeroten(typic)",3.73303167420814,"ASSOC Abielas-Menzfer-Rhodalb-Xeroten","ASSOC Abielas-Menzfer-Xeroten",1
"ASSOC Abielas-Menzfer-Xeroten","SUBASS BlSe-Rhodalb-Xeroten (Arnica)",9.05514705882353,"ASSOC Abielas-Rhodalb-Vaccmem-Xeroten","ASSOC Abielas-Menzfer-Xeroten",1
"ASSOC Abielas-Piceeng-Menzfer-Gymndry (SE)","SUBASS Bl-Rhodalb-Gymndry(Tsughet)",7.66324626865672,"ASSOC Abielas-Rhodalb-Gymndry (wc zonals)","ASSOC Abielas-Piceeng-Menzfer-Gymndry (SE)",1
"ASSOC Abielas-Piceeng-Menzfer-Gymndry (SE)","ASSOC BlSe-Menzfer-Tiartri",8.54784899034241,"ASSOC BlSe-Menzfer-Tiartri","ASSOC Abielas-Piceeng-Menzfer-Gymndry (SE)",1
"ASSOC Abielas-Piceeng-Menzfer-Gymndry (SE)","SUBASS BlHw-Rhodalb-Tiartri(Menzfer)",6.75451688923802,"ASSOC BlHw - Rhodalb - Tiartri (wh zonals)","ASSOC Abielas-Piceeng-Menzfer-Gymndry (SE)",1
"ASSOC Abielas-Piceeng-Menzfer-Gymndry (SE)","SUBASS Bl-Rhodalb-Menzfer-Tiartri (Rhytrob wm2)",5.34717715768981,"ASSOC Abielas-Rhodalb-Menzfer-Tiartri (wm zonals)","ASSOC Abielas-Piceeng-Menzfer-Gymndry (SE)",1
"ASSOC Abielas-Piceeng-Menzfer-Gymndry (SE)","SUBASS Bl-Rhodalb-Gymndry(Menzfer)",9.92073170731707,"ASSOC Abielas-Rhodalb-Gymndry (wc zonals)","ASSOC Abielas-Piceeng-Menzfer-Gymndry (SE)",1
"ASSOC Abielas-Piceeng-Menzfer-Gymndry (SE)","ASSOC Bl-Rhodalb-Tiartri -Arnica",4.35945273631841,"ASSOC Bl-Rhodalb-Tiartri -Arnica","ASSOC Abielas-Piceeng-Menzfer-Gymndry (SE)",1
"ASSOC Abielas-Piceeng-Menzfer-Gymndry (SE)","SUBASS Bl-Athyfil-Gymndry(Rhodalb)",8.86802827965436,"ASSOC Abielas-Piceeng-Athyfil-Gymndry","ASSOC Abielas-Piceeng-Menzfer-Gymndry (SE)",1
"ASSOC Abielas-Pinucon-Menzfer-Vaccsco","SUBASS BlSe-Menzfer (Pleusch)",3.31092767295597,"ASSOC Abielas-Piceeng-Menzfer-Pleusch (dk zonals)","ASSOC Abielas-Pinucon-Menzfer-Vaccsco",1
"ASSOC Abielas-Pinucon-Menzfer-Vaccsco","SUBASS BlSe-Menzfer (typic)",3.70754716981132,"ASSOC Abielas-Piceeng-Menzfer-Pleusch (dk zonals)","ASSOC Abielas-Pinucon-Menzfer-Vaccsco",1
"ASSOC Abielas-Rhodalb-Menzfer","SUBASS BlSe-Menzfer (typic)",4.46153846153846,"ASSOC Abielas-Piceeng-Menzfer-Pleusch (dk zonals)","ASSOC Abielas-Rhodalb-Menzfer",1
"ASSOC Abielas-Rhodalb-Vaccsco","SUBASS BlPl-Vaccmem",5.50617283950617,"ASSOC Abielas-Pinucon-Vaccsco - Cladonia","ASSOC Abielas-Rhodalb-Vaccsco",1
"ASSOC Abielas-Rhodalb-Vaccsco","ASSOC Abielas-Rhodalb-Menzfer",7.54036087369421,"ASSOC Abielas-Rhodalb-Menzfer","ASSOC Abielas-Rhodalb-Vaccsco",1
"ASSOC Abielas-Rhodalb-Vaccsco","ASSOC Abielas-Pinucon-Paximyr-Vaccsco",7.2716049382716,"ASSOC Abielas-Pinucon-Paximyr-Vaccsco","ASSOC Abielas-Rhodalb-Vaccsco",1
"ASSOC Abielas-Rhodalb-Vaccsco","SUBASS PlBl-Vaccmem-Vaccsco(typic)",9.11111111111111,"ASSOC Abielas-Pinucon-Vaccsco - Cladonia","ASSOC Abielas-Rhodalb-Vaccsco",1
"ASSOC Abielas-Vaccmem-Empenig","SUBASS Bl-Vaccmem-Pleusch(Barblyc - mc zonal)",2.41304347826087,"ASSOC Abielas-Vaccmem-Pleusch (mc zonals)","ASSOC Abielas-Vaccmem-Empenig",1
"ASSOC Abielas-Vaccmem-Empenig","SUBASS Bl-Vaccmem-Pleusch(typic)",9.90966010733453,"ASSOC Abielas-Vaccmem-Pleusch (mc zonals)","ASSOC Abielas-Vaccmem-Empenig",1
"ASSOC Abielas-Vaccmem-Empenig","SUBASS Bl-Vaccmem-Pleusch(Vacccae)",4.13461538461539,"ASSOC Abielas-Vaccmem-Pleusch (mc zonals)","ASSOC Abielas-Vaccmem-Empenig",1
"ASSOC Abielas-Vaccmem-Paximyr","ASSOC BlPa - Vaccmem - Paximyr",9.04545454545454,"ASSOC BlPa - Vaccmem - Paximyr","ASSOC Abielas-Vaccmem-Paximyr",1
"ASSOC Abielas-Vaccmem-Paximyr","SUBASS BlPl-Vaccmem",7.48809523809524,"ASSOC Abielas-Pinucon-Vaccsco - Cladonia","ASSOC Abielas-Vaccmem-Paximyr",1
"ASSOC Abielas-Vaccmem-Paximyr","ASSOC Abielas-Rhodalb-Menzfer",8.94505494505495,"ASSOC Abielas-Rhodalb-Menzfer","ASSOC Abielas-Vaccmem-Paximyr",1
"ASSOC Abielas-Vaccmem-Paximyr","ASSOC Abielas-Pinucon-Paximyr-Vaccsco",4.45833333333333,"ASSOC Abielas-Pinucon-Paximyr-Vaccsco","ASSOC Abielas-Vaccmem-Paximyr",1
"ASSOC Abielas Rhodalb-Vaccvit","SUBASS Bl-Vaccmem-Pleusch(typic)",3.64164904862579,"ASSOC Abielas-Vaccmem-Pleusch (mc zonals)","ASSOC Abielas Rhodalb-Vaccvit",1
"ASSOC Abielas Rhodalb-Vaccvit","SUBASS Bl-Rhodalb-Pleusch-Dicranu(Empenig)",9.07792207792208,"ASSOC Abielas-Rhodalb-Pleusch-Dicranu (dv zonals)","ASSOC Abielas Rhodalb-Vaccvit",1
"ASSOC Abieslas-Rhodalb-Vaccmem-Tiartri","SUBASS Bl - Rhodalb -Tiartri (Luzula wm3)",8.56702127659574,"ASSOC Abielas-Rhodalb-Menzfer-Tiartri (wm zonals)","ASSOC Abieslas-Rhodalb-Vaccmem-Tiartri",1
"ASSOC Abieslas-Rhodalb-Vaccmem-Tiartri","SUBASS BlSe-Rhodalb-Xeroten (Arnica)",6.78125,"ASSOC Abielas-Rhodalb-Vaccmem-Xeroten","ASSOC Abieslas-Rhodalb-Vaccmem-Tiartri",1
"ASSOC Abieslas-Rhodalb-Vaccmem-Tiartri","ASSOC Abielas-Rhodalb-Vaccmem-Dicranu",5.69148936170213,"ASSOC Abielas-Rhodalb-Vaccmem-Dicranu","ASSOC Abieslas-Rhodalb-Vaccmem-Tiartri",1
"ASSOC Abieslas-Rhodalb-Vaccmem-Tiartri","SUBASS Bl-Rhodalb-Menzfer-Tiartri (Rhytrob wm2)",9.34782608695652,"ASSOC Abielas-Rhodalb-Menzfer-Tiartri (wm zonals)","ASSOC Abieslas-Rhodalb-Vaccmem-Tiartri",1
"ASSOC Abieslas-Rhodalb-Vaccmem-Tiartri","ASSOC Abielas-Vaccmem-Paximyr",7.14893617021277,"ASSOC Abielas-Vaccmem-Paximyr","ASSOC Abieslas-Rhodalb-Vaccmem-Tiartri",1
"ASSOC Abieslas-Rhodalb-Vaccmem-Tiartri","SUBASS BlSe-Rhodalb-Valesit(Tiartri)(dc1)",4.86486486486486,"ASSOC AbielasPiceene-Rhodalb-Valesit (dc zonals)","ASSOC Abieslas-Rhodalb-Vaccmem-Tiartri",1
"ASSOC Abieslas-Rhodalb-Vaccmem-Tiartri","SUBASS Bl-Rhodalb-Menzfer-Tiartri (Vaccmyt wm4)",9.375,"ASSOC Abielas-Rhodalb-Menzfer-Tiartri (wm zonals)","ASSOC Abieslas-Rhodalb-Vaccmem-Tiartri",1
"ASSOC Abieslas-Rhodalb-Vaccmem-Tiartri","ASSOC BlHw-Vaccmem-Rhytrob",6.56676449009538,"ASSOC BlHw-Vaccmem-Rhytrob","ASSOC Abieslas-Rhodalb-Vaccmem-Tiartri",1
"ASSOC Bl-Rhodalb-Tiartri -Arnica","SUBASS Bl-Rhodalb-Menzfer-Tiartri (Rhytrob wm2)",6.6304347826087,"ASSOC Abielas-Rhodalb-Menzfer-Tiartri (wm zonals)","ASSOC Bl-Rhodalb-Tiartri -Arnica",1
"ASSOC Bl-Rhodalb-Woodrush","%ASSOC BlLa - Heron s-bill moss",9.41666666666667,"%ASSOC BlLa - Heron s-bill moss","ASSOC Bl-Rhodalb-Woodrush",1
"ASSOC Bl-Rhodalb-Woodrush","ASSOC Abielas-Rhodalb-Vaccmem-Dicranu",5.40689655172414,"ASSOC Abielas-Rhodalb-Vaccmem-Dicranu","ASSOC Bl-Rhodalb-Woodrush",1
"ASSOC Bl-Rhodalb-Woodrush","ASSOC BlPa - Vaccmem - Cladoni",9.75431034482759,"ASSOC BlPa - Vaccmem - Cladoni","ASSOC Bl-Rhodalb-Woodrush",1
"ASSOC Bl-Rhodalb-Woodrush","ASSOC Abielas(Larilya)-Vaccmem-Vaccsco-Luzula",8.68793103448276,"ASSOC Abielas(Larilya)-Vaccmem-Vaccsco-Luzula","ASSOC Bl-Rhodalb-Woodrush",1
"ASSOC Bl-Senetri-Ligucan (S Columbia)","ASSOC Bl-Rhodalb-Tiartri -Arnica",4.6969696969697,"ASSOC Bl-Rhodalb-Tiartri -Arnica","ASSOC Bl-Senetri-Ligucan (S Columbia)",1
"ASSOC Bl-Valesit-Barbilo","ASSOC Bl-Rhodalb-Woodrush",9.13157894736842,"ASSOC Bl-Rhodalb-Woodrush","ASSOC Bl-Valesit-Barbilo",1
"ASSOC BlFd-Vaccmem-Paximyr","ASSOC Abielas-Vaccmem-Paximyr",3.64285714285714,"ASSOC Abielas-Vaccmem-Paximyr","ASSOC BlFd-Vaccmem-Paximyr",1
"ASSOC BlFd-Vaccmem-Paximyr","ASSOC BlCwLw-Clinuni",2.34469696969697,"ASSOC BlCwLw-Clinuni","ASSOC BlFd-Vaccmem-Paximyr",1
"ASSOC BlHw-Vaccmem-Rhytrob","ASSOC BlFd-Vaccmem-Paximyr",8.79885057471264,"ASSOC BlFd-Vaccmem-Paximyr","ASSOC BlHw-Vaccmem-Rhytrob",1
"ASSOC BlPa - Vaccmem - Cladoni","ASSOC Abielas(Larilya)-Vaccmem-Vaccsco-Luzula",5.925,"ASSOC Abielas(Larilya)-Vaccmem-Vaccsco-Luzula","ASSOC BlPa - Vaccmem - Cladoni",1
"ASSOC BlPa - Vaccmem - Cladoni","SUBASS Bl-Rhodalb-Pleusch-Dicranu(typic)",8.42307692307692,"ASSOC Abielas-Rhodalb-Pleusch-Dicranu (dv zonals)","ASSOC BlPa - Vaccmem - Cladoni",1
"ASSOC BlPa - Vaccmem - Cladoni","SUBASS Bl-Vaccmem-Xeroten",9.39583333333333,"%ASSOC Bl-Vaccmem-Xeroten","ASSOC BlPa - Vaccmem - Cladoni",1
"ASSOC BlPa - Vaccmem - Cladoni","ASSOC Abielas-Rhodalb-Vaccmem-Dicranu",7.41666666666667,"ASSOC Abielas-Rhodalb-Vaccmem-Dicranu","ASSOC BlPa - Vaccmem - Cladoni",1
"ASSOC BlPa - Vaccmem - Cladoni","ASSOC Abielas-Vaccmem-Paximyr",7.54166666666667,"ASSOC Abielas-Vaccmem-Paximyr","ASSOC BlPa - Vaccmem - Cladoni",1
"ASSOC BlPa - Vaccmem - Cladoni","%ASSOC BlLa - Heron s-bill moss",4.875,"%ASSOC BlLa - Heron s-bill moss","ASSOC BlPa - Vaccmem - Cladoni",1
"ASSOC BlSe-Menzfer-Tiartri","SUBASS Bl-Rhodalb-Menzfer-Tiartri (typic wm1)",5.11229946524064,"ASSOC Abielas-Rhodalb-Menzfer-Tiartri (wm zonals)","ASSOC BlSe-Menzfer-Tiartri",1
"ASSOC BlSe-Menzfer-Tiartri","SUBASS BlSe-Menzfer (Tiartri)",4.63602941176471,"ASSOC Abielas-Piceeng-Menzfer-Pleusch (dk zonals)","ASSOC BlSe-Menzfer-Tiartri",1
"ASSOC BlSe-Menzfer-Tiartri","SUBASS BlSe-Menzfer (typic)",1.76470588235294,"ASSOC Abielas-Piceeng-Menzfer-Pleusch (dk zonals)","ASSOC BlSe-Menzfer-Tiartri",1
"ASSOC BlSe-Menzfer-Tiartri","SUBASS Bl-Rhodalb-Menzfer-Tiartri (Vaccmyt wm4)",9.29779411764706,"ASSOC Abielas-Rhodalb-Menzfer-Tiartri (wm zonals)","ASSOC BlSe-Menzfer-Tiartri",1
"ASSOC BlSe-Menzfer-Tiartri","SUBASS Bl-Rhodalb-Menzfer-Tiartri (Rhytrob wm2)",8.78260869565217,"ASSOC Abielas-Rhodalb-Menzfer-Tiartri (wm zonals)","ASSOC BlSe-Menzfer-Tiartri",1
"ASSOC BlSe-Menzfer-Tiartri","ASSOC Abielas-Rhodalb-Menzfer",9.83257918552036,"ASSOC Abielas-Rhodalb-Menzfer","ASSOC BlSe-Menzfer-Tiartri",1
"ASSOC BlSe-Rhodalb-Tiartri (mh zonals)","SUBASS BlSe-Rhodalb-Valesit(Tiartri)(dc1)",4.21621621621622,"ASSOC AbielasPiceene-Rhodalb-Valesit (dc zonals)","ASSOC BlSe-Rhodalb-Tiartri (mh zonals)",1
"ASSOC BlSe-Rhodalb-Tiartri (mh zonals)","ASSOC Abieslas-Rhodalb-Vaccmem-Tiartri",4.98042553191489,"ASSOC Abieslas-Rhodalb-Vaccmem-Tiartri","ASSOC BlSe-Rhodalb-Tiartri (mh zonals)",1
"ASSOC BlSe-Rhodalb-Tiartri (mh zonals)","SUBASS BlHw-Rhodalb-Tiartri(Rhytrob)",2.61230769230769,"ASSOC BlHw - Rhodalb - Tiartri (wh zonals)","ASSOC BlSe-Rhodalb-Tiartri (mh zonals)",1
"ASSOC BlSe-Rhodalb-Tiartri (mh zonals)","SUBASS BlSe-Rhodalb-Valesit(Pleusch)(dc3)",8.52375,"ASSOC AbielasPiceene-Rhodalb-Valesit (dc zonals)","ASSOC BlSe-Rhodalb-Tiartri (mh zonals)",1
"ASSOC Piceene-(Pseumen)-Cornsto-Corncan","ASSOC Piceene-PseumenCornsto-Aralnud",7.11111111111111,"ASSOC Piceene-PseumenCornsto-Aralnud","ASSOC Piceene-(Pseumen)-Cornsto-Corncan",1
"ASSOC Piceene-(Pseumen)-Cornsto-Ribelac","ASSOC Piceene-Pseumen-Ribelac-Pleusch",2.1,"ASSOC Piceene-Pseumen-Ribelac-Pleusch","ASSOC Piceene-(Pseumen)-Cornsto-Ribelac",1
"ASSOC Piceene-(Pseumen)-Cornsto-Ribelac","ASSOC SxwBl-Equiset(MS/ICHmk)",6.77370689655172,"ASSOC SxwBl-Equiset(MS/ICHmk)","ASSOC Piceene-(Pseumen)-Cornsto-Ribelac",1
"ASSOC Piceene-(Pseumen)-Cornsto-Ribelac","ASSOC Piceene-(Pseumen)-Cornsto-Corncan",8.25095785440613,"ASSOC Piceene-(Pseumen)-Cornsto-Corncan","ASSOC Piceene-(Pseumen)-Cornsto-Ribelac",1
"ASSOC Piceene-(Pseumen)-Cornsto-Ribelac","ASSOC Piceene-Cornsto-Equiset (IDF)",7.90740740740741,"ASSOC Piceene-Cornsto-Equiset (IDF)","ASSOC Piceene-(Pseumen)-Cornsto-Ribelac",1
"ASSOC Piceene-(Pseumen)-Cornsto-Ribelac","ASSOC Piceene-PseumenCornsto-Aralnud",7.71264367816092,"ASSOC Piceene-PseumenCornsto-Aralnud","ASSOC Piceene-(Pseumen)-Cornsto-Ribelac",1
"ASSOC Piceene-(Pseumen)-Cornsto-Ribelac","SUBASS SxwFd-Cornsto-Sympalb(Acergla)",9.99391480730223,"ASSOC Piceene-Pseumen-Cornsto-Acergla","ASSOC Piceene-(Pseumen)-Cornsto-Ribelac",1
"ASSOC Piceene-Abielas-Menzfer-Corncan","ASSOC SxwBl-Equiset(MS/ICHmk)",6.875,"ASSOC SxwBl-Equiset(MS/ICHmk)","ASSOC Piceene-Abielas-Menzfer-Corncan",1
"ASSOC Piceene-Abielas-Menzfer-Corncan","SUBASS SxwBl - Ribelac (typic)",7.92822966507177,"ASSOC Piceene-Abielas-Ribelac","ASSOC Piceene-Abielas-Menzfer-Corncan",1
"ASSOC Piceene-Abielas-Menzfer-Corncan","SUBASS BlSe-Menzfer (Tiartri)",7.23355263157895,"ASSOC Abielas-Piceeng-Menzfer-Pleusch (dk zonals)","ASSOC Piceene-Abielas-Menzfer-Corncan",1
"ASSOC Piceene-Abielas-Menzfer-Corncan","ASSOC SxwFd-Corncan-Pleusch (MSdk)",2.60526315789474,"ASSOC SxwFd-Corncan-Pleusch (MSdk)","ASSOC Piceene-Abielas-Menzfer-Corncan",1
"ASSOC Piceene-Abielas-Menzfer-Corncan","SUBASS BlSe-Menzfer (Pleusch)",9.73684210526316,"ASSOC Abielas-Piceeng-Menzfer-Pleusch (dk zonals)","ASSOC Piceene-Abielas-Menzfer-Corncan",1
"ASSOC Piceene-Cornsto-Equiset (IDF)","ASSOC SxwBl-Equiset(MS/ICHmk)",5.54351851851852,"ASSOC SxwBl-Equiset(MS/ICHmk)","ASSOC Piceene-Cornsto-Equiset (IDF)",1
"ASSOC Piceene-Cornsto-Equiset (IDF)","SUBASS Sxw-Equiset-Aulapal(Hylospl)",9.62872628726287,"ASSOC Piceene-Equiset-Aulapal","ASSOC Piceene-Cornsto-Equiset (IDF)",1
"ASSOC Piceene-Empenig-Pleusch-Aulapal","ASSOC Piceene-Empenig-Ptilcri",1.83333333333333,"ASSOC Piceene-Empenig-Ptilcri","ASSOC Piceene-Empenig-Pleusch-Aulapal",1
"ASSOC Piceene-Empenig-Pleusch-Aulapal","SUBASS Pl-Vaccsco-Cladoni(Empenig)",3.92397660818713,"ASSOC Pinucon-Vaccsco-Cladoni","ASSOC Piceene-Empenig-Pleusch-Aulapal",1
"ASSOC Piceene-Empenig-Pleusch-Aulapal","SUBASS Pl-Vaccsco-Pleusch(Empenig)",2.08333333333333,"ASSOC Pinucon-Vaccsco-Pleusch (MSxv zonal)","ASSOC Piceene-Empenig-Pleusch-Aulapal",1
"ASSOC Piceene-Empenig-Ptilcri","SUBASS Pl-Vaccsco-Pleusch(Empenig)",5.07142857142857,"ASSOC Pinucon-Vaccsco-Pleusch (MSxv zonal)","ASSOC Piceene-Empenig-Ptilcri",1
"ASSOC Piceene-Loniinv","SUBASS Sxw-Equiset(Loniinv)",4.87179487179487,"ASSOC Sxw-Loniinv-Equiset-Hylospl (SBS)","ASSOC Piceene-Loniinv",1
"ASSOC Piceene-Loniinv","ASSOC Piceene-Spirbet-Lathoch-Pleusch",7.10810810810811,"ASSOC Piceene-Spirbet-Lathoch-Pleusch","ASSOC Piceene-Loniinv",1
"ASSOC Piceene-Spirbet-Lathoch-Pleusch","ASSOC Piceene-Spirbet-Rosaaci-Pleusch",8,"ASSOC Piceene-Spirbet-Rosaaci-Pleusch","ASSOC Piceene-Spirbet-Lathoch-Pleusch",1
"ASSOC Piceene-Spirbet-Lathoch-Pleusch","SUBASS FdSx-Calarub(Petafri)",7.44444444444444,"ASSOC Pseumen-Piceene-Calarub (SBSdw)","ASSOC Piceene-Spirbet-Lathoch-Pleusch",1
"ASSOC Piceene-Vaccmem-Paximyr","SUBASS Bl-Vaccmem-Pleusch(typic)",6.49149177538287,"ASSOC Abielas-Vaccmem-Pleusch (mc zonals)","ASSOC Piceene-Vaccmem-Paximyr",1
"ASSOC Picegla-Lupiarc-Hylospl","ASSOC Picegla-Saligla-Betunan",2.5,"ASSOC Picegla-Saligla-Betunan","ASSOC Picegla-Lupiarc-Hylospl",1
"ASSOC Picegla-Lupiarc-Hylospl","%ASSOC Picegla-Salix-Hylospl",0.75,"%ASSOC Picegla-Salix-Hylospl","ASSOC Picegla-Lupiarc-Hylospl",1
"ASSOC Picegla-Pentflo-Equiset","%ASSOC Picegla-Salix-Hylospl",9.875,"%ASSOC Picegla-Salix-Hylospl","ASSOC Picegla-Pentflo-Equiset",1
"ASSOC Picegla-Pentflo-Equiset","ASSOC Picegla-Saligla-Betunan",7.26923076923077,"ASSOC Picegla-Saligla-Betunan","ASSOC Picegla-Pentflo-Equiset",1
"ASSOC Picegla-Rubupub-Hylospl","SUBASS Sw-Ribetri-Equiset(typic)",9.07125185551707,"ASSOC Picegla-Ribetri-Equiset","ASSOC Picegla-Rubupub-Hylospl",1
"ASSOC Picegla-Rubupub-Hylospl","ASSOC Piceene-Spirbet-Lathoch-Pleusch",9.51063829787234,"ASSOC Piceene-Spirbet-Lathoch-Pleusch","ASSOC Picegla-Rubupub-Hylospl",1
"ASSOC Picegla-Rubupub-Hylospl","SUBASS Sx-Vaccmem-Vibuedu(Mertpan)",9.15183752417795,"ASSOC Piceene-Vaccmem-Vibuedu (SBSmk zonals)","ASSOC Picegla-Rubupub-Hylospl",1
"ASSOC Picegla-Saligla-Betunan","%ASSOC Picegla-Salix-Hylospl",2.0625,"%ASSOC Picegla-Salix-Hylospl","ASSOC Picegla-Saligla-Betunan",1
"ASSOC Picegla-Saligla-Betunan","ASSOC Picegla-Salix-Empenig",4.7,"ASSOC Picegla-Salix-Empenig","ASSOC Picegla-Saligla-Betunan",1
"ASSOC Picegla-Saligla-Betunan","%ASSOC Picegla-Betunan-Calacan",9.10714285714286,"%ASSOC Picegla-Betunan-Calacan","ASSOC Picegla-Saligla-Betunan",1
"ASSOC Picegla-Shepcan-Hylospl","ASSOC Picegla-Pinucon-Shepcan-Geocliv",3.77777777777778,"ASSOC Picegla-Pinucon-Shepcan-Geocliv","ASSOC Picegla-Shepcan-Hylospl",1
"ASSOC Picegla-Shepcan-Hylospl","ASSOC Picegla-Saligla-Betunan",6.48775773195876,"ASSOC Picegla-Saligla-Betunan","ASSOC Picegla-Shepcan-Hylospl",1
"ASSOC Picegla-Shepcan-Hylospl","ASSOC Picegla-Shepcan-Leyminn",7,"ASSOC Picegla-Shepcan-Leyminn","ASSOC Picegla-Shepcan-Hylospl",1
"ASSOC Picegla-Shepcan-Hylospl","%ASSOC Picegla-Salix-Hylospl",8.63659793814433,"%ASSOC Picegla-Salix-Hylospl","ASSOC Picegla-Shepcan-Hylospl",1
"ASSOC Picegla-Shepcan-Leyminn","ASSOC Picegla-Pinucon-Shepcan-Geocliv",8.05555555555556,"ASSOC Picegla-Pinucon-Shepcan-Geocliv","ASSOC Picegla-Shepcan-Leyminn",1
"ASSOC Picegla-Vaccvit-Hylospl","ASSOC Picegla-Pinucon-Shepcan-Geocliv",7.96094609460946,"ASSOC Picegla-Pinucon-Shepcan-Geocliv","ASSOC Picegla-Vaccvit-Hylospl",1
"ASSOC Picegla-Vaccvit-Hylospl","ASSOC Picegla-Saligla-Betunan",9.3335396039604,"ASSOC Picegla-Saligla-Betunan","ASSOC Picegla-Vaccvit-Hylospl",1
"ASSOC Picegla-Vaccvit-Hylospl","%ASSOC Picegla-Salix-Hylospl",7.00990099009901,"%ASSOC Picegla-Salix-Hylospl","ASSOC Picegla-Vaccvit-Hylospl",1
"ASSOC Picegla-Vaccvit-Hylospl","ASSOC Picegla-Shepcan-Leyminn",9,"ASSOC Picegla-Shepcan-Leyminn","ASSOC Picegla-Vaccvit-Hylospl",1
"ASSOC Picegla-Vaccvit-Hylospl","ASSOC Picemar-Ledugro-Hylospl",6.62182007674452,"ASSOC Picemar-Ledugro-Hylospl","ASSOC Picegla-Vaccvit-Hylospl",1
"ASSOC Picegla-Vaccvit-Hylospl","ASSOC Picegla-Shepcan-Hylospl",0,"ASSOC Picegla-Shepcan-Hylospl","ASSOC Picegla-Vaccvit-Hylospl",1
"ASSOC Pinucon-Arctuva-Vaccvit","ASSOC Picegla-Saligla-Betunan",9.4404920212766,"ASSOC Picegla-Saligla-Betunan","ASSOC Pinucon-Arctuva-Vaccvit",1
"ASSOC Pinucon-Arctuva-Vaccvit","ASSOC Pinucon-Vaccvit-Cladina",7.55555555555556,"ASSOC Pinucon-Vaccvit-Cladina","ASSOC Pinucon-Arctuva-Vaccvit",1
"ASSOC Pinucon-Arctuva-Vaccvit","SUBASS Pl-Pleusch-Cladina(Pyrola)",7.89249720044793,"ASSOC Pinucon-Pleusch-Cladina","ASSOC Pinucon-Arctuva-Vaccvit",1
"ASSOC Pinucon-Arctuva-Vaccvit","%ASSOC Picegla-Betunan-Cladina",0.723404255319149,"%ASSOC Picegla-Betunan-Cladina","ASSOC Pinucon-Arctuva-Vaccvit",1
"ASSOC Pinucon-Arctuva-Vaccvit","ASSOC Picegla-Pinucon-Shepcan-Geocliv",4.94799054373522,"ASSOC Picegla-Pinucon-Shepcan-Geocliv","ASSOC Pinucon-Arctuva-Vaccvit",1
"ASSOC Pinucon-Festalt-Stercau","SUBASS Pl-Arctuva-Cladoni(typic)",1.8,"ASSOC Pinucon-Arctuva-Cladoni (SBPSxc zonal)","ASSOC Pinucon-Festalt-Stercau",1
"ASSOC Pinucon-Festalt-Stercau","SUBASS Pl-Arctuva-Cladoni(Pleusch)",2.54807692307692,"ASSOC Pinucon-Arctuva-Cladoni (SBPSxc zonal)","ASSOC Pinucon-Festalt-Stercau",1
"ASSOC Pinucon-Junicom-Arctuva","ASSOC Pinucon-Festalt-Stercau",9.39090909090909,"ASSOC Pinucon-Festalt-Stercau","ASSOC Pinucon-Junicom-Arctuva",1
"ASSOC Pinucon-Junicom-Arctuva","SUBASS Pl-Calarub-Arctuva(Junicom)",6.66666666666667,"ASSOC Pinucon-Calarub-Arctuva","ASSOC Pinucon-Junicom-Arctuva",1
"ASSOC Pinucon-Junicom-Calarub","SUBASS Pl-Calarub-Vaccsco(typic)",4.91470588235294,"ASSOC Pinucon-Calarub-Vaccsco","ASSOC Pinucon-Junicom-Calarub",1
"ASSOC Pinucon-Junicom-Calarub","ASSOC Pinualb-Abielas-Junicom-Shepcan",6.25113122171946,"ASSOC Pinualb-Abielas-Junicom-Shepcan","ASSOC Pinucon-Junicom-Calarub",1
"ASSOC Pinucon-Junicom-Calarub","ASSOC Pinucon-Shepcan-Calarub-Astecon",4.09243697478992,"ASSOC Pinucon-Shepcan-Calarub-Astecon","ASSOC Pinucon-Junicom-Calarub",1
"ASSOC Pinucon-Junicom-Calarub","ASSOC PlBl-Vaccsco(Calarub)",2.17647058823529,"ASSOC PlBl-Vaccsco(Calarub)","ASSOC Pinucon-Junicom-Calarub",1
"ASSOC Pinucon-Junicom-Calarub","ASSOC Bl-Vaccsco-Dicranu(Linnbor)xc3",8.47183979974969,"ASSOC Bl-Vaccsco-Dicranu(Linnbor)xc3","ASSOC Pinucon-Junicom-Calarub",1
"ASSOC Pinucon-Junicom-Calarub","ASSOC Pinucon-Junicom-Arctuva",4.01336898395722,"ASSOC Pinucon-Junicom-Arctuva","ASSOC Pinucon-Junicom-Calarub",1
"ASSOC Pinucon-Junicom-Calarub","SUBASS PlBl-Vaccmem-Cladoni(typic)",7.29411764705882,"ASSOC Pinucon-Abielas-Vaccmem-Cladoni","ASSOC Pinucon-Junicom-Calarub",1
"ASSOC Pinucon-Junicom-Calarub","SUBASS Pl-Calarub-Vaccsco-Pleusch(Abielas) (MSxk1)",7.60588235294118,"ASSOC Pinucon-Calarub-Vaccsco-Pleusch (MSxk)","ASSOC Pinucon-Junicom-Calarub",1
"ASSOC Pinucon-Junicom-Calarub","SUBASS Pl-Calarub-Vaccsco-Pleusch(Junicom)(MSxk3)",7.08,"ASSOC Pinucon-Calarub-Vaccsco-Pleusch (MSxk)","ASSOC Pinucon-Junicom-Calarub",1
"ASSOC Pinucon-Junicom-Calarub-Cladoni","SUBASS Bl-Rhodalb-Pleusch-Dicranu(Empenig)",0.444444444444444,"ASSOC Abielas-Rhodalb-Pleusch-Dicranu (dv zonals)","ASSOC Pinucon-Junicom-Calarub-Cladoni",1
"ASSOC Pinucon-Junicom-Calarub-Cladoni","ASSOC Abielas Rhodalb-Vaccvit",9.5959595959596,"ASSOC Abielas Rhodalb-Vaccvit","ASSOC Pinucon-Junicom-Calarub-Cladoni",1
"ASSOC Pinucon-Junicom-Calarub-Cladoni","SUBASS Sxw-Orthsec-Pleusch(Shepcan)",8.36363636363637,"ASSOC Piceene-Orthsec-Pleusch (MSdc)","ASSOC Pinucon-Junicom-Calarub-Cladoni",1
"ASSOC Pinucon-Junicom-Calarub-Cladoni","SUBASS Bl-Vaccmem-Pleusch(typic)",5.2906976744186,"ASSOC Abielas-Vaccmem-Pleusch (mc zonals)","ASSOC Pinucon-Junicom-Calarub-Cladoni",1
"ASSOC Pinucon-Junicom-Calarub-Cladoni","SUBASS BlPl-Vaccsco-Cladoni(typic)",8.81111111111111,"ASSOC Abielas-Pinucon-Vaccsco-Cladoni","ASSOC Pinucon-Junicom-Calarub-Cladoni",1
"ASSOC Pinucon-Rhodalb-Calarub-Pleusch","SUBASS Bl-Rhodalb-Pleusch-Dicranu(Empenig)",8.69747899159664,"ASSOC Abielas-Rhodalb-Pleusch-Dicranu (dv zonals)","ASSOC Pinucon-Rhodalb-Calarub-Pleusch",1
"ASSOC Pinucon-Rhodalb-Calarub-Pleusch","ASSOC Pinucon-Junicom-Calarub-Cladoni",4.7843137254902,"ASSOC Pinucon-Junicom-Calarub-Cladoni","ASSOC Pinucon-Rhodalb-Calarub-Pleusch",1
"ASSOC Pinucon-Shepcan-Calarub-Astecon","ASSOC Pinualb-Abielas-Junicom-Shepcan",4.53846153846154,"ASSOC Pinualb-Abielas-Junicom-Shepcan","ASSOC Pinucon-Shepcan-Calarub-Astecon",1
"ASSOC Pinucon-Vaccmem-Cladina","SUBASS Bl-Vaccmem-Pleusch(typic)",8.62254025044723,"ASSOC Abielas-Vaccmem-Pleusch (mc zonals)","ASSOC Pinucon-Vaccmem-Cladina",1
"ASSOC Pinucon-Vaccmem-Cladina","SUBASS Pl-Vaccmem-Cladoni(typic)",1.73809523809524,"ASSOC Pinucon-Vaccmem-Cladoni","ASSOC Pinucon-Vaccmem-Cladina",1
"ASSOC Pinucon-Vaccmem-Ptilcri","SUBASS Sx-Vaccmem-Vibuedu(Rubupar)",5.52238805970149,"ASSOC Piceene-Vaccmem-Vibuedu (SBSmk zonals)","ASSOC Pinucon-Vaccmem-Ptilcri",1
"ASSOC Pinucon-Vaccmem-Ptilcri","ASSOC Piceene-Spirdou",9.75,"ASSOC Piceene-Spirdou","ASSOC Pinucon-Vaccmem-Ptilcri",1
"ASSOC Pinucon-Vaccmem-Ptilcri","SUBASS Sx-Vaccmem(Paximyr)",3.75641025641026,"ASSOC Piceene-Vaccmem (SBSmc zonals)","ASSOC Pinucon-Vaccmem-Ptilcri",1
"ASSOC Pinucon-Vaccmem-Ptilcri","SUBASS Sx-Vaccmem(typic)",3.72988505747126,"ASSOC Piceene-Vaccmem (SBSmc zonals)","ASSOC Pinucon-Vaccmem-Ptilcri",1
"ASSOC Pinucon-Vaccmem-Ptilcri","ASSOC Piceene-Vaccmem-Paximyr",7.97560975609756,"ASSOC Piceene-Vaccmem-Paximyr","ASSOC Pinucon-Vaccmem-Ptilcri",1
"ASSOC Pinucon-Vaccmem-Vaccmyl","%ASSOC Piceene-Pseumen-Oryzasp-Geocliv",9.63333333333333,"%ASSOC Piceene-Pseumen-Oryzasp-Geocliv","ASSOC Pinucon-Vaccmem-Vaccmyl",1
"ASSOC Pinucon-Vaccvit-Cladina","SUBASS Sb-Vaccmem-Vaccvit(typic)",9.5,"ASSOC Picemar-Vaccmem-Vaccvit","ASSOC Pinucon-Vaccvit-Cladina",1
"ASSOC Pinucon-Vaccvit-Cladina","ASSOC Picemar-Ledugro-Hylospl",5.05077086656034,"ASSOC Picemar-Ledugro-Hylospl","ASSOC Pinucon-Vaccvit-Cladina",1
"ASSOC Pinucon-Vaccvit-Cladina","SUBASS Sb-Vaccmem-Vaccvit(Abielas)",7.37992831541219,"ASSOC Picemar-Vaccmem-Vaccvit","ASSOC Pinucon-Vaccvit-Cladina",1
"ASSOC Pl-Vaccvit-Cladina(Empenig)","SUBASS Sb-Vaccmem-Vaccvit(Abielas)",6.18279569892473,"ASSOC Picemar-Vaccmem-Vaccvit","ASSOC Pl-Vaccvit-Cladina(Empenig)",1
"ASSOC Pl(FdLw)-Calarub","ASSOC Sxw-Arnica-Calarub (MSdw)",6.09375,"ASSOC Sxw-Arnica-Calarub (MSdw)","ASSOC Pl(FdLw)-Calarub",1
"ASSOC Pl(Lw)-Calarub-Vaccsco","ASSOC Pl-Calarub-Vaccsco-Arctuva",4.17241379310345,"ASSOC Pl-Calarub-Vaccsco-Arctuva","ASSOC Pl(Lw)-Calarub-Vaccsco",1
"ASSOC Pl(Lw)-Calarub-Vaccsco","SUBASS Pl-Calarub-Vaccsco(Pleusch)",0.391304347826087,"ASSOC Pinucon-Calarub-Vaccsco","ASSOC Pl(Lw)-Calarub-Vaccsco",1
"ASSOC Pl(Lw)-Calarub-Vaccsco","SUBASS Pl-Calarub-Vaccsco-Pleusch(Abielas) (MSxk1)",0,"ASSOC Pinucon-Calarub-Vaccsco-Pleusch (MSxk)","ASSOC Pl(Lw)-Calarub-Vaccsco",1
"ASSOC Pseumen-Piceene-Ptilcri","ASSOC Pseumen-Piceene-Paximyr",6.59615384615385,"ASSOC Pseumen-Piceene-Paximyr","ASSOC Pseumen-Piceene-Ptilcri",1
"ASSOC SeBl-Ribelac-Gymndry","%ASSOC SeBl-Equiarv-Gymndry",9.18859649122807,"%ASSOC SeBl-Equiarv-Gymndry","ASSOC SeBl-Ribelac-Gymndry",1
"ASSOC SeBl-Ribelac-Gymndry","SUBASS Bl-Athyfil-Gymndry(Alnuvir)",6.50607287449393,"ASSOC Abielas-Piceeng-Athyfil-Gymndry","ASSOC SeBl-Ribelac-Gymndry",1
"ASSOC Sxw-Arnica-Calarub (MSdw)","ASSOC Piceene-Abielas-Menzfer-Corncan",9.73157894736842,"ASSOC Piceene-Abielas-Menzfer-Corncan","ASSOC Sxw-Arnica-Calarub (MSdw)",1
"ASSOC Sxw-Arnica-Calarub (MSdw)","ASSOC SxwFd-Corncan-Pleusch (MSdk)",6.6,"ASSOC SxwFd-Corncan-Pleusch (MSdk)","ASSOC Sxw-Arnica-Calarub (MSdw)",1
"ASSOC Sxw-Arnica-Calarub (MSdw)","ASSOC SxwBl-Rubupar-Arnica",5.4,"ASSOC SxwBl-Rubupar-Arnica","ASSOC Sxw-Arnica-Calarub (MSdw)",1
"ASSOC Sxw-Gymndry(Thujpli)","ASSOC SeBl-Ribelac-Gymndry",8.54342105263158,"ASSOC SeBl-Ribelac-Gymndry","ASSOC Sxw-Gymndry(Thujpli)",1
"ASSOC Sxw-Gymndry(Thujpli)","SUBASS SeBl-Oplohor-Athyfil(Thujpli)",3,"ASSOC Piceng-Oplohor-Athyfil","ASSOC Sxw-Gymndry(Thujpli)",1
"ASSOC SxwBl-Equiset-Gymndry (MS/SBS)","SUBASS Sx-Loniinv-Gymndry(Vibuedu)",5.18015873015873,"ASSOC Piceene-Loniinv-Gymndry","ASSOC SxwBl-Equiset-Gymndry (MS/SBS)",1
"ASSOC SxwBl-Equiset-Gymndry (MS/SBS)","SUBASS Sxw-Equiset-Aulapal(Hylospl)",7.78327526132404,"ASSOC Piceene-Equiset-Aulapal","ASSOC SxwBl-Equiset-Gymndry (MS/SBS)",1
"ASSOC SxwBl-Equiset-Gymndry (MS/SBS)","SUBASS Sxw-Gymndry(Arnica)",7.87792207792208,"ASSOC Piceene-Gymndry-Pleusch (SBSwk zonals)","ASSOC SxwBl-Equiset-Gymndry (MS/SBS)",1
"ASSOC SxwBl-Equiset-Gymndry (MS/SBS)","SUBASS Sxw-Equiset-Aulapal(Sphagnu)",4.02142857142857,"ASSOC Piceene-Equiset-Aulapal","ASSOC SxwBl-Equiset-Gymndry (MS/SBS)",1
"ASSOC SxwBl-Equiset-Gymndry (MS/SBS)","SUBASS Sxw-Gymndry(Aralnud)",7.73571428571429,"ASSOC Piceene-Gymndry-Pleusch (SBSwk zonals)","ASSOC SxwBl-Equiset-Gymndry (MS/SBS)",1
"ASSOC SxwBl-Equiset(MS/ICHmk)","SUBASS Bl-Gymndry-Equiset(typic)",3.65909090909091,"ASSOC Abielas-Gymndry-Equiset (Northern)","ASSOC SxwBl-Equiset(MS/ICHmk)",1
"ASSOC SxwBl-Equiset(MS/ICHmk)","Ws08.3 SUBASS Piceeng-Equiset-Calacan (very wet sites)",4.8,"ASSOC Piceeng-Abielas-Equiarv-Valesit","ASSOC SxwBl-Equiset(MS/ICHmk)",1
"ASSOC SxwBl-Equiset(MS/ICHmk)","SUBASS Sxw-Equiset-Aulapal(Caredis)",3.47619047619048,"ASSOC Piceene-Equiset-Aulapal","ASSOC SxwBl-Equiset(MS/ICHmk)",1
"ASSOC SxwBl-Equiset(MS/ICHmk)","ASSOC SxwBl-Equiset-Gymndry (MS/SBS)",3.88571428571429,"ASSOC SxwBl-Equiset-Gymndry (MS/SBS)","ASSOC SxwBl-Equiset(MS/ICHmk)",1
"ASSOC SxwBl-Equiset(MS/ICHmk)","SUBASS Sxw-Equiset-Aulapal(Sphagnu)",4.78125,"ASSOC Piceene-Equiset-Aulapal","ASSOC SxwBl-Equiset(MS/ICHmk)",1
"ASSOC SxwBl-Equiset(MS/ICHmk)","SUBASS Sxw-Equiset(Loniinv)",6.62820512820513,"ASSOC Sxw-Loniinv-Equiset-Hylospl (SBS)","ASSOC SxwBl-Equiset(MS/ICHmk)",1
"ASSOC SxwBl-Equiset(MS/ICHmk)","Ws08.3 ASSOC SeBl-Equiarv-Senetri",8.29305555555556,"Ws08.3 ASSOC SeBl-Equiarv-Senetri","ASSOC SxwBl-Equiset(MS/ICHmk)",1
"ASSOC SxwBl-Equiset(MS/ICHmk)","SUBASS Sxw-Equiset-Aulapal(Hylospl)",9.67012195121951,"ASSOC Piceene-Equiset-Aulapal","ASSOC SxwBl-Equiset(MS/ICHmk)",1
"ASSOC SxwBl-Equiset(MS/ICHmk)","Ws08.3 SUBASS Abielas-Piceeng-Equiset-Pleusch (N-S transition)",2.33333333333333,"ASSOC Piceeng-Abielas-Equiarv-Valesit","ASSOC SxwBl-Equiset(MS/ICHmk)",1
"ASSOC SxwBl-Equiset(MS/ICHmk)","Ws08.1 SUBASS Piceeng-Equiarv-Valesit (Trolalb Southern)",7.58882978723404,"ASSOC Piceeng-Abielas-Equiarv-Valesit","ASSOC SxwBl-Equiset(MS/ICHmk)",1
"ASSOC SxwBl-Rubupar-Arnica","ASSOC SxwFd-Corncan-Pleusch (MSdk)",8.94666666666667,"ASSOC SxwFd-Corncan-Pleusch (MSdk)","ASSOC SxwBl-Rubupar-Arnica",1
"ASSOC SxwBl-Rubupar-Arnica","SUBASS BlSe-Menzfer (Tiartri)",9.70138888888889,"ASSOC Abielas-Piceeng-Menzfer-Pleusch (dk zonals)","ASSOC SxwBl-Rubupar-Arnica",1
"ASSOC SxwBl-Rubupar-Arnica","ASSOC SxwBl-Equiset(MS/ICHmk)",7.56666666666667,"ASSOC SxwBl-Equiset(MS/ICHmk)","ASSOC SxwBl-Rubupar-Arnica",1
"ASSOC SxwBl-Rubupar-Arnica","ASSOC Piceene-Abielas-Menzfer-Corncan",1.89473684210526,"ASSOC Piceene-Abielas-Menzfer-Corncan","ASSOC SxwBl-Rubupar-Arnica",1
"ASSOC SxwBl-Rubupar-Arnica","ASSOC Piceene-(Pseumen)-Cornsto-Ribelac",2.38888888888889,"ASSOC Piceene-(Pseumen)-Cornsto-Ribelac","ASSOC SxwBl-Rubupar-Arnica",1
"ASSOC SxwBl-Rubupar-Arnica","SUBASS SxwBl - Ribelac (typic)",1.94949494949495,"ASSOC Piceene-Abielas-Ribelac","ASSOC SxwBl-Rubupar-Arnica",1
"Sk24 ASSOC BlLa-Vaccsco","SUBASS BlSe - Vaccsco (Pa)",7.66666666666667,"ASSOC BlSe - Vaccsco","Sk24 ASSOC BlLa-Vaccsco",1
"SUBASS Bl-Athyfil-Gymndry(Rhodalb)","SUBASS Bl-Rhodalb-Gymndry(Clinuni)",3.17293233082707,"ASSOC Abielas-Rhodalb-Gymndry (wc zonals)","ASSOC Abielas-Piceeng-Athyfil-Gymndry",1
"SUBASS Bl-Athyfil-Gymndry(Rhodalb)","ASSOC Bl-Rhodalb-Tiartri -Arnica",4.84210526315789,"ASSOC Bl-Rhodalb-Tiartri -Arnica","ASSOC Abielas-Piceeng-Athyfil-Gymndry",1
"SUBASS Bl-Athyfil-Gymndry(Rhodalb)","SUBASS Bl-Rhodalb-Gymndry(Rhytrob)",4.89473684210526,"ASSOC Abielas-Rhodalb-Gymndry (wc zonals)","ASSOC Abielas-Piceeng-Athyfil-Gymndry",1
"SUBASS Bl-Athyfil-Gymndry(Rhodalb)","SUBASS Bl-Rhodalb-Gymndry(Menzfer)",9.67008985879332,"ASSOC Abielas-Rhodalb-Gymndry (wc zonals)","ASSOC Abielas-Piceeng-Athyfil-Gymndry",1
"SUBASS Bl-Athyfil-Gymndry(Rhodalb)","SUBASS Bl-Rhodalb-Gymndry(Tsughet)",9.94407894736842,"ASSOC Abielas-Rhodalb-Gymndry (wc zonals)","ASSOC Abielas-Piceeng-Athyfil-Gymndry",1
"SUBASS Bl-Gymndry-Ptilcri(typic)","SUBASS Bl-Rhodalb-Pleusch-Ptilcri(typic)",6.48734598734599,"ASSOC Abielas-Rhodalb-Pleusch-Ptilcri (mv zonals)","ASSOC Abielas-Gymndry-Corncan-Ptilcri (wk zonals)",1
"SUBASS Bl-Gymndry-Ptilcri(typic)","SUBASS BlSe-Rhodalb-Valesit(Pleusch)(dc3)",7.36363636363636,"ASSOC AbielasPiceene-Rhodalb-Valesit (dc zonals)","ASSOC Abielas-Gymndry-Corncan-Ptilcri (wk zonals)",1
"SUBASS Bl-Gymndry-Ptilcri(typic)","SUBASS Bl-Rhodalb-Pleusch-Ptilcri(Ribetri)",7.79220779220779,"ASSOC Abielas-Rhodalb-Pleusch-Ptilcri (mv zonals)","ASSOC Abielas-Gymndry-Corncan-Ptilcri (wk zonals)",1
"SUBASS Bl-Gymndry-Valesit(Ptilcri)","SUBASS Bl-Athyfil-Gymndry(Rhodalb)",9.4279176201373,"ASSOC Abielas-Piceeng-Athyfil-Gymndry","ASSOC Abielas-Piceeng-Gymndry-Valesit",1
"SUBASS Bl-Gymndry-Valesit(Ptilcri)","SUBASS Bl-Gymndry-Valesit(Abieama)",8.63768115942029,"ASSOC Abielas-Valesit-Tiarella-Mnium (wetter)","ASSOC Abielas-Piceeng-Gymndry-Valesit",1
"SUBASS Bl-Gymndry-Valesit(Ptilcri)","SUBASS Bl-Rhodalb-Gymndry(Clinuni)",8.79089026915114,"ASSOC Abielas-Rhodalb-Gymndry (wc zonals)","ASSOC Abielas-Piceeng-Gymndry-Valesit",1
"SUBASS Bl-Gymndry-Valesit(Ptilcri)","ASSOC Abielas-Piceeng-Menzfer-Gymndry (SE)",7.18770279039585,"ASSOC Abielas-Piceeng-Menzfer-Gymndry (SE)","ASSOC Abielas-Piceeng-Gymndry-Valesit",1
"SUBASS Bl-Gymndry-Valesit(Ptilcri)","%ASSOC AbielasPiceeng-Gymndry-Rubuped",6.78260869565217,"%ASSOC AbielasPiceeng-Gymndry-Rubuped","ASSOC Abielas-Piceeng-Gymndry-Valesit",1
"SUBASS Bl-Gymndry-Valesit(Ptilcri)","SUBASS BlSe-Rhodalb-Valesit(Pleusch)(dc3)",8.60869565217391,"ASSOC AbielasPiceene-Rhodalb-Valesit (dc zonals)","ASSOC Abielas-Piceeng-Gymndry-Valesit",1
"SUBASS Bl-Gymndry-Valesit(Ptilcri)","SUBASS Bl-Gymndry-Ptilcri(typic)",4.6815358554489,"ASSOC Abielas-Gymndry-Corncan-Ptilcri (wk zonals)","ASSOC Abielas-Piceeng-Gymndry-Valesit",1
"SUBASS Bl-Gymndry-Valesit(Ptilcri)","SUBASS Bl-Rhodalb-Gymndry(Menzfer)",2.57317073170732,"ASSOC Abielas-Rhodalb-Gymndry (wc zonals)","ASSOC Abielas-Piceeng-Gymndry-Valesit",1
"SUBASS Bl-Gymndry-Valesit(Ptilcri)","SUBASS Bl-Rhodalb-Menzfer-Tiartri (Rhytrob wm2)",8.79347826086957,"ASSOC Abielas-Rhodalb-Menzfer-Tiartri (wm zonals)","ASSOC Abielas-Piceeng-Gymndry-Valesit",1
"SUBASS Bl-Gymndry-Valesit(Ptilcri)","SUBASS Bl-Gymndry-Ptilcri(Brachyt)",5.90029985007496,"ASSOC Abielas-Gymndry-Corncan-Ptilcri (wk zonals)","ASSOC Abielas-Piceeng-Gymndry-Valesit",1
"SUBASS Bl-Gymndry-Valesit(Ptilcri)","SUBASS Bl-Rhodalb-Gymndry(Rhytrob)",4.42391304347826,"ASSOC Abielas-Rhodalb-Gymndry (wc zonals)","ASSOC Abielas-Piceeng-Gymndry-Valesit",1
"SUBASS Bl-Menzfer-Rhodalb-Xeroten(typic)","SUBASS Bl-Rhodalb-Menzfer-Tiartri (Vaccmyt wm4)",4.78846153846154,"ASSOC Abielas-Rhodalb-Menzfer-Tiartri (wm zonals)","ASSOC Abielas-Menzfer-Rhodalb-Xeroten",1
"SUBASS Bl-Menzfer-Rhodalb-Xeroten(typic)","ASSOC Abielas-Vaccmem-Paximyr",7.61538461538461,"ASSOC Abielas-Vaccmem-Paximyr","ASSOC Abielas-Menzfer-Rhodalb-Xeroten",1
"SUBASS Bl-Menzfer-Rhodalb-Xeroten(typic)","ASSOC Abielas-Rhodalb-Menzfer",2.42307692307692,"ASSOC Abielas-Rhodalb-Menzfer","ASSOC Abielas-Menzfer-Rhodalb-Xeroten",1
"SUBASS Bl-Oplohor-Gymndry(Ptilcri)","SUBASS Sxw-Oplohor-Athyfil",5.22343594836147,"ASSOC Piceene-Oplohor-Athyfil (ICH)","",1
"SUBASS Bl-Oplohor-Gymndry(Ptilcri)","ASSOC Sxw-Gymndry(Thujpli)",8.78679245283019,"ASSOC Sxw-Gymndry(Thujpli)","",1
"SUBASS Bl-Oplohor-Gymndry(Ptilcri)","SUBASS Sxw-Oplohor-Athyfil(Ptilcri)",4.64788732394366,"ASSOC Piceene-Oplohor-Athyfil-Corncan (SBSvk zonal)","",1
"SUBASS Bl-Oplohor-Gymndry(Ptilcri)","SUBASS SeBl-Oplohor-Athyfil(Thujpli)",9.1061320754717,"ASSOC Piceng-Oplohor-Athyfil","",1
"SUBASS Bl-Oplohor-Gymndry(Ptilcri)","SUBASS Sxw-Gymndry(Ptilcri)",6.40325564187939,"ASSOC Piceene-Gymndry-Pleusch (SBSwk zonals)","",1
"SUBASS Bl-Oplohor-Gymndry(Ptilcri)","SUBASS Sxw-Gymndry(Arnica)",3.95368782161235,"ASSOC Piceene-Gymndry-Pleusch (SBSwk zonals)","",1
"SUBASS Bl-Rhodalb-Gymndry(Clinuni)","SUBASS BlHw-Rhodalb-Tiartri(Gymndry)",3.35238095238095,"ASSOC BlHw - Rhodalb - Tiartri (wh zonals)","ASSOC Abielas-Rhodalb-Gymndry (wc zonals)",1
"SUBASS Bl-Rhodalb-Gymndry(Menzfer)","SUBASS Bl-Rhodalb-Menzfer-Tiartri (Rhytrob wm2)",9.70227995758218,"ASSOC Abielas-Rhodalb-Menzfer-Tiartri (wm zonals)","ASSOC Abielas-Rhodalb-Gymndry (wc zonals)",1
"SUBASS Bl-Rhodalb-Gymndry(Menzfer)","SUBASS Bl-Gymndry-Ptilcri(typic)",7.6602787456446,"ASSOC Abielas-Gymndry-Corncan-Ptilcri (wk zonals)","ASSOC Abielas-Rhodalb-Gymndry (wc zonals)",1
"SUBASS Bl-Rhodalb-Gymndry(Rhytrob)","ASSOC Bl-Rhodalb-Tiartri -Arnica",7.37878787878788,"ASSOC Bl-Rhodalb-Tiartri -Arnica","ASSOC Abielas-Rhodalb-Gymndry (wc zonals)",1
"SUBASS Bl-Rhodalb-Gymndry(Rhytrob)","SUBASS BlSe-Rhodalb-Valesit(Tiartri)(dc1)",8.502457002457,"ASSOC AbielasPiceene-Rhodalb-Valesit (dc zonals)","ASSOC Abielas-Rhodalb-Gymndry (wc zonals)",1
"SUBASS Bl-Rhodalb-Gymndry(Rhytrob)","SUBASS Bl-Rhodalb-Menzfer-Tiartri (Rhytrob wm2)",9.44664031620553,"ASSOC Abielas-Rhodalb-Menzfer-Tiartri (wm zonals)","ASSOC Abielas-Rhodalb-Gymndry (wc zonals)",1
"SUBASS Bl-Rhodalb-Gymndry(Rhytrob)","SUBASS Bl-Gymndry-Ptilcri(typic)",7.05519480519481,"ASSOC Abielas-Gymndry-Corncan-Ptilcri (wk zonals)","ASSOC Abielas-Rhodalb-Gymndry (wc zonals)",1
"SUBASS Bl-Rhodalb-Gymndry(Rhytrob)","SUBASS BlSe-Rhodalb-Valesit(Veravir)",6.96590909090909,"ASSOC AbielasPiceene-Rhodalb-Valesit (dc zonals)","ASSOC Abielas-Rhodalb-Gymndry (wc zonals)",1
"SUBASS Bl-Rhodalb-Gymndry(Tsughet)","SUBASS BlHw-Rhodalb-Tiartri(Rhytrob)",6.125,"ASSOC BlHw - Rhodalb - Tiartri (wh zonals)","ASSOC Abielas-Rhodalb-Gymndry (wc zonals)",1
"SUBASS Bl-Rhodalb-Gymndry(Tsughet)","SUBASS BlHw-Rhodalb-Tiartri(Menzfer)",8.04769736842105,"ASSOC BlHw - Rhodalb - Tiartri (wh zonals)","ASSOC Abielas-Rhodalb-Gymndry (wc zonals)",1
"SUBASS Bl-Rhodalb-Gymndry(Tsughet)","SUBASS BlHw-Rhodalb-Tiartri(Gymndry)",1.5,"ASSOC BlHw - Rhodalb - Tiartri (wh zonals)","ASSOC Abielas-Rhodalb-Gymndry (wc zonals)",1
"SUBASS Bl-Rhodalb-Gymndry(Tsughet)","ASSOC Bl-Rhodalb-Tiartri -Arnica",9.296875,"ASSOC Bl-Rhodalb-Tiartri -Arnica","ASSOC Abielas-Rhodalb-Gymndry (wc zonals)",1
"SUBASS Bl-Rhodalb-Menzfer-Tiartri (Vaccmyt wm4)","ASSOC Abielas-Menzfer-Vaccmyt",8.40178571428572,"ASSOC Abielas-Menzfer-Vaccmyt","ASSOC Abielas-Rhodalb-Menzfer-Tiartri (wm zonals)",1
"SUBASS Bl-Rhodalb-Pleusch-Dicranu(Empenig)","SUBASS Bl-Vaccmem-Pleusch(typic)",6.43853820598007,"ASSOC Abielas-Vaccmem-Pleusch (mc zonals)","ASSOC Abielas-Rhodalb-Pleusch-Dicranu (dv zonals)",1
"SUBASS Bl-Rhodalb-Pleusch-Dicranu(Empenig)","ASSOC Abielas-Rhodalb-Vaccsco",3.14285714285714,"ASSOC Abielas-Rhodalb-Vaccsco","ASSOC Abielas-Rhodalb-Pleusch-Dicranu (dv zonals)",1
"SUBASS Bl-Rhodalb-Pleusch-Dicranu(Empenig)","SUBASS BlPl-Vaccmem",9.25,"ASSOC Abielas-Pinucon-Vaccsco - Cladonia","ASSOC Abielas-Rhodalb-Pleusch-Dicranu (dv zonals)",1
"SUBASS Bl-Rhodalb-Pleusch-Dicranu(Empenig)","ASSOC Abielas-Rhodalb-Empenig",7.41269841269841,"ASSOC Abielas-Rhodalb-Empenig","ASSOC Abielas-Rhodalb-Pleusch-Dicranu (dv zonals)",1
"SUBASS Bl-Rhodalb-Pleusch-Dicranu(Pinualb)","ASSOC Abielas-Rhodalb-Empenig",7.20413436692507,"ASSOC Abielas-Rhodalb-Empenig","ASSOC Abielas-Rhodalb-Pleusch-Dicranu (dv zonals)",1
"SUBASS Bl-Rhodalb-Pleusch-Dicranu(Pinualb)","ASSOC Abielas-Rhodalb-Vaccsco",8.41587711742751,"ASSOC Abielas-Rhodalb-Vaccsco","ASSOC Abielas-Rhodalb-Pleusch-Dicranu (dv zonals)",1
"SUBASS Bl-Rhodalb-Pleusch-Dicranu(typic)","ASSOC Abielas-Rhodalb-Vaccmem-Dicranu",7.85961538461538,"ASSOC Abielas-Rhodalb-Vaccmem-Dicranu","ASSOC Abielas-Rhodalb-Pleusch-Dicranu (dv zonals)",1
"SUBASS Bl-Rhodalb-Pleusch-Dicranu(typic)","SUBASS Bl-Vaccmem-Pleusch(typic)",8.28689624329159,"ASSOC Abielas-Vaccmem-Pleusch (mc zonals)","ASSOC Abielas-Rhodalb-Pleusch-Dicranu (dv zonals)",1
"SUBASS Bl-Rhodalb-Pleusch-Dicranu(typic)","ASSOC Abielas-Rhodalb-Vaccsco",7.59864672364672,"ASSOC Abielas-Rhodalb-Vaccsco","ASSOC Abielas-Rhodalb-Pleusch-Dicranu (dv zonals)",1
"SUBASS Bl-Rhodalb-Pleusch-Ptilcri(Dicrsco)","SUBASS Bl-Vaccmem-Pleusch(typic)",7.12517099863201,"ASSOC Abielas-Vaccmem-Pleusch (mc zonals)","ASSOC Abielas-Rhodalb-Pleusch-Ptilcri (mv zonals)",1
"SUBASS Bl-Rhodalb-Pleusch-Ptilcri(Hylospl)","ASSOC Abielas Rhodalb-Vaccvit",8.16193181818182,"ASSOC Abielas Rhodalb-Vaccvit","ASSOC Abielas-Rhodalb-Pleusch-Ptilcri (mv zonals)",1
"SUBASS Bl-Rhodalb-Pleusch-Ptilcri(Hylospl)","SUBASS Bl-Vaccmem-Pleusch(typic)",4.86991279069767,"ASSOC Abielas-Vaccmem-Pleusch (mc zonals)","ASSOC Abielas-Rhodalb-Pleusch-Ptilcri (mv zonals)",1
"SUBASS Bl-Rhodalb-Pleusch-Ptilcri(Ribetri)","ASSOC Abielas Rhodalb-Vaccvit",4.54909090909091,"ASSOC Abielas Rhodalb-Vaccvit","ASSOC Abielas-Rhodalb-Pleusch-Ptilcri (mv zonals)",1
"SUBASS Bl-Rhodalb-Pleusch-Ptilcri(Ribetri)","SUBASS BlSe-Rhodalb-Valesit(Pleusch)(dc3)",5.0625,"ASSOC AbielasPiceene-Rhodalb-Valesit (dc zonals)","ASSOC Abielas-Rhodalb-Pleusch-Ptilcri (mv zonals)",1
"SUBASS Bl-Rhodalb-Pleusch-Ptilcri(Ribetri)","SUBASS Bl-Rhodalb-Pleusch-Dicranu(typic)",6.29769230769231,"ASSOC Abielas-Rhodalb-Pleusch-Dicranu (dv zonals)","ASSOC Abielas-Rhodalb-Pleusch-Ptilcri (mv zonals)",1
"SUBASS Bl-Rhodalb-Pleusch-Ptilcri(Ribetri)","SUBASS Bl-Rhodalb-Rubuped-Dicranu(Menzfer)",9.35694915254237,"ASSOC Abielas-Menzfer-Rubuped-Dicranu","ASSOC Abielas-Rhodalb-Pleusch-Ptilcri (mv zonals)",1
"SUBASS Bl-Rhodalb-Pleusch-Ptilcri(Ribetri)","SUBASS Bl-Vaccmem-Pleusch(typic)",6.15395348837209,"ASSOC Abielas-Vaccmem-Pleusch (mc zonals)","ASSOC Abielas-Rhodalb-Pleusch-Ptilcri (mv zonals)",1
"SUBASS Bl-Rhodalb-Rubuped-Dicranu(Menzfer)","ASSOC Abielas-Menzfer-Ribelac",3.12269712601326,"ASSOC Abielas-Menzfer-Ribelac","ASSOC Abielas-Menzfer-Rubuped-Dicranu",1
"SUBASS Bl-Vaccmem-Xeroten","SUBASS BlSe-Rhodalb-Xeroten",1,"ASSOC Abielas-Rhodalb-Vaccmem-Xeroten","%ASSOC Bl-Vaccmem-Xeroten",1
"SUBASS Bl-Vaccmem-Xeroten","%ASSOC BlLa - Heron s-bill moss",2.66666666666667,"%ASSOC BlLa - Heron s-bill moss","%ASSOC Bl-Vaccmem-Xeroten",1
"SUBASS Bl-Vaccmem-Xeroten","SUBASS BlSe-Rhodalb-Xeroten (Arnica)",6.41666666666667,"ASSOC Abielas-Rhodalb-Vaccmem-Xeroten","%ASSOC Bl-Vaccmem-Xeroten",1
"SUBASS Bl-Valesit-Tiarell (Erigper)","ASSOC Abielas-Valesit-Arnica(dry)",6.84331797235023,"ASSOC Abielas-Valesit-Arnica(dry)","ASSOC Abielas-Valesit-Tiarella-Mnium (wetter)",1
"SUBASS Bl-Valesit-Tiarell (Strelan)","ASSOC Abielas-Valesit-Arnica(dry)",6.30473575840769,"ASSOC Abielas-Valesit-Arnica(dry)","ASSOC Abielas-Valesit-Tiarella-Mnium (wetter)",1
"SUBASS Bl-Valesit-Tiarell (Strelan)","SUBASS Piceng-Equiarv-Valesit (Leptpyr)",9.36406619385343,"ASSOC Piceeng-Abielas-Equiarv-Valesit","ASSOC Abielas-Valesit-Tiarella-Mnium (wetter)",1
"SUBASS Bl-Valesit-Tiarell (Strelan)","SUBASS Bl-Valesit-Veravir-Trolalb",4.51063829787234,"ASSOC Abielas-Valesit-Veravir-Trolalb (moist woodland)","ASSOC Abielas-Valesit-Tiarella-Mnium (wetter)",1
"SUBASS Bl-Valesit-Tiarell (Strelan)","Ws08.1 SUBASS Piceeng-Equiarv-Valesit (Trolalb Southern)",8.95744680851064,"ASSOC Piceeng-Abielas-Equiarv-Valesit","ASSOC Abielas-Valesit-Tiarella-Mnium (wetter)",1
"SUBASS Bl-Valesit-Tiarell (Strelan)","ASSOC Bl-Senetri-Ligucan (S Columbia)",1.77272727272727,"ASSOC Bl-Senetri-Ligucan (S Columbia)","ASSOC Abielas-Valesit-Tiarella-Mnium (wetter)",1
"SUBASS Bl-Valesit-Trollax","SUBASS Bl-Valesit-Tiarell (Strelan)",5.70646982197134,"ASSOC Abielas-Valesit-Tiarella-Mnium (wetter)","ASSOC Abielas-Valesit-Trollax",1
"SUBASS Bl-Valesit-Trollax","SUBASS BlSe-Vaccsco-Barblyc",8.38520408163265,"ASSOC BlSe-Vaccsco-Valesit (xc zonals)","ASSOC Abielas-Valesit-Trollax",1
"SUBASS Bl-Valesit-Trollax","ASSOC Abielas-Valesit-Arnica(dry)",7.07570770243581,"ASSOC Abielas-Valesit-Arnica(dry)","ASSOC Abielas-Valesit-Trollax",1
"SUBASS Bl-Valesit-Trollax","SUBASS BlSe-Rhodalb-Valesit(Vaccsco)(dc2)",9.37683910773612,"ASSOC AbielasPiceene-Rhodalb-Valesit (dc zonals)","ASSOC Abielas-Valesit-Trollax",1
"SUBASS Bl-Valesit-Veravir-Trolalb","ASSOC Bl-Senetri-Ligucan (S Columbia)",3.18181818181818,"ASSOC Bl-Senetri-Ligucan (S Columbia)","ASSOC Abielas-Valesit-Veravir-Trolalb (moist woodland)",1
"SUBASS BlHm-Vaccmem(Menzfer)","%ASSOC Abielas-Tsugmer-Strelan (ESSFmk zonal)",5.62538699690402,"%ASSOC Abielas-Tsugmer-Strelan (ESSFmk zonal)","ASSOC Abielas-(Tsugmer)-Vaccmem (wv zonal)",1
"SUBASS BlHm-Vaccmem(Menzfer)","ASSOC Abielas-Menzfer-Ribelac",8.04731457800512,"ASSOC Abielas-Menzfer-Ribelac","ASSOC Abielas-(Tsugmer)-Vaccmem (wv zonal)",1
"SUBASS BlHm-Vaccmem(Menzfer)","SUBASS Bl-Vaccmem-Pleusch(Barblyc - mc zonal)",0.41304347826087,"ASSOC Abielas-Vaccmem-Pleusch (mc zonals)","ASSOC Abielas-(Tsugmer)-Vaccmem (wv zonal)",1
"SUBASS BlHm-Vaccmem(Pleusch)","%ASSOC Abielas-Tsugmer-Strelan (ESSFmk zonal)",3.33333333333333,"%ASSOC Abielas-Tsugmer-Strelan (ESSFmk zonal)","ASSOC Abielas-(Tsugmer)-Vaccmem (wv zonal)",1
"SUBASS BlHm-Vaccmem(Pleusch)","ASSOC Abielas-Vaccmem-Empenig",7.21367521367521,"ASSOC Abielas-Vaccmem-Empenig","ASSOC Abielas-(Tsugmer)-Vaccmem (wv zonal)",1
"SUBASS BlHm-Vaccmem(Pleusch)","SUBASS Bl-Vaccmem-Pleusch(Barblyc - mc zonal)",1.52173913043478,"ASSOC Abielas-Vaccmem-Pleusch (mc zonals)","ASSOC Abielas-(Tsugmer)-Vaccmem (wv zonal)",1
"SUBASS BlHw-Rhodalb-Tiartri(Rhytrob)","ASSOC Abieslas-Rhodalb-Vaccmem-Tiartri",7.32896890343699,"ASSOC Abieslas-Rhodalb-Vaccmem-Tiartri","ASSOC BlHw - Rhodalb - Tiartri (wh zonals)",1
"SUBASS BlHw-Rhodalb-Tiartri(Rhytrob)","ASSOC BlHw-Vaccmem-Rhytrob",3.46153846153846,"ASSOC BlHw-Vaccmem-Rhytrob","ASSOC BlHw - Rhodalb - Tiartri (wh zonals)",1
"SUBASS BlPl-Vaccmem","ASSOC Abielas-Pinucon-Paximyr-Vaccsco",3.02083333333333,"ASSOC Abielas-Pinucon-Paximyr-Vaccsco","ASSOC Abielas-Pinucon-Vaccsco - Cladonia",1
"SUBASS BlPl-Vaccsco-Cladoni(Abielas)","ASSOC Bl-Vaccsco-Dicranu(Linnbor)xc3",2.6613475177305,"ASSOC Bl-Vaccsco-Dicranu(Linnbor)xc3","ASSOC Abielas-Pinucon-Vaccsco-Cladoni",1
"SUBASS BlPl-Vaccsco-Cladoni(typic)","ASSOC Bl-Vaccsco-Dicranu(Linnbor)xc3",0,"ASSOC Bl-Vaccsco-Dicranu(Linnbor)xc3","ASSOC Abielas-Pinucon-Vaccsco-Cladoni",1
"SUBASS BlSe-Rhodalb-Valesit(Tiartri)(dc1)","SUBASS Bl-Rhodalb-Menzfer-Tiartri (Rhytrob wm2)",9.3689776733255,"ASSOC Abielas-Rhodalb-Menzfer-Tiartri (wm zonals)","ASSOC AbielasPiceene-Rhodalb-Valesit (dc zonals)",1
"SUBASS BlSe-Rhodalb-Valesit(Vaccsco)(dc2)","ASSOC Abielas-Rhodalb-Vaccsco",1.81395348837209,"ASSOC Abielas-Rhodalb-Vaccsco","ASSOC AbielasPiceene-Rhodalb-Valesit (dc zonals)",1
"SUBASS BlSe-Rhodalb-Valesit(Vaccsco)(dc2)","SUBASS BlBa-Rhodalb-Rubuped(Valesit)",6.36363636363636,"ASSOC Abielas-Abieama-Rhodalb-Rubuped (ESSFmw zonals)","ASSOC AbielasPiceene-Rhodalb-Valesit (dc zonals)",1
"SUBASS BlSe-Rhodalb-Xeroten","SUBASS Bl-Menzfer-Rhodalb-Xeroten(typic)",7.53846153846154,"ASSOC Abielas-Menzfer-Rhodalb-Xeroten","ASSOC Abielas-Rhodalb-Vaccmem-Xeroten",1
"SUBASS BlSe-Rhodalb-Xeroten (Arnica)","SUBASS Bl-Menzfer-Rhodalb-Xeroten(typic)",4.32211538461539,"ASSOC Abielas-Menzfer-Rhodalb-Xeroten","ASSOC Abielas-Rhodalb-Vaccmem-Xeroten",1
"SUBASS FdSx-Calarub(Petafri)","%ASSOC Piceene-Pseumen-Oryzasp-Geocliv",9.38888888888889,"%ASSOC Piceene-Pseumen-Oryzasp-Geocliv","ASSOC Pseumen-Piceene-Calarub (SBSdw)",1
"SUBASS FdSx-Calarub(Vaccmyl)","SUBASS SxwFd-Rhyttri(Oryzasp)",2.92307692307692,"ASSOC Piceene-Pseumen-Rhyttri (SBSdh)","ASSOC Pseumen-Piceene-Calarub (SBSdw)",1
"SUBASS Pa-Cladoni-Dicrfus(Menzfer)","%ASSOC Abielas-Tsugmer-Strelan (ESSFmk zonal)",9.23947368421052,"%ASSOC Abielas-Tsugmer-Strelan (ESSFmk zonal)","ASSOC BlPaHm-Cladoni-Dicrfus",1
"SUBASS Piceeng-Equivar-Valesit(Petafri)","SUBASS Bl-Gymndry-Equiset(typic)",4.73803827751196,"ASSOC Abielas-Gymndry-Equiset (Northern)","ASSOC Piceeng-Abielas-Equiarv-Valesit",1
"SUBASS Pl-Calarub-Arctuva(Junicom)","SUBASS Pl-Arctuva-Cladoni(Pleusch)",5.84615384615385,"ASSOC Pinucon-Arctuva-Cladoni (SBPSxc zonal)","ASSOC Pinucon-Calarub-Arctuva",1
"SUBASS Pl-Calarub-Pleusch(Arnicor)","SUBASS FdSx-Calarub(Vaccmyl)",6.17139001349528,"ASSOC Pseumen-Piceene-Calarub (SBSdw)","ASSOC Pinucon-Calarub-Pleusch",1
"SUBASS Pl-Calarub-Vaccsco-Pleusch(Abielas) (MSxk1)","SUBASS Pl-Calarub-Vaccsco(Pleusch)",0,"ASSOC Pinucon-Calarub-Vaccsco","ASSOC Pinucon-Calarub-Vaccsco-Pleusch (MSxk)",1
"SUBASS Pl-Calarub-Vaccsco-Pleusch(Abielas) (MSxk1)","ASSOC Pl-Calarub-Vaccsco-Arctuva",0.758620689655172,"ASSOC Pl-Calarub-Vaccsco-Arctuva","ASSOC Pinucon-Calarub-Vaccsco-Pleusch (MSxk)",1
"SUBASS Pl-Calarub-Vaccsco-Pleusch(Corncan)(MSxk2)","SUBASS Pl-Calarub-Vaccsco(Pleusch)",9.29096989966555,"ASSOC Pinucon-Calarub-Vaccsco","ASSOC Pinucon-Calarub-Vaccsco-Pleusch (MSxk)",1
"SUBASS Pl-Calarub-Vaccsco-Pleusch(Junicom)(MSxk3)","ASSOC Pl-Calarub-Vaccsco-Arctuva",8.87448275862069,"ASSOC Pl-Calarub-Vaccsco-Arctuva","ASSOC Pinucon-Calarub-Vaccsco-Pleusch (MSxk)",1
"SUBASS Pl-Calarub-Vaccsco(Pleusch)","SUBASS Sxw-Paximyr-Pleusch(typic)",8.71546505228399,"ASSOC Piceene-Paximyr-Pleusch (zonal MSdm)","ASSOC Pinucon-Calarub-Vaccsco",1
"SUBASS Pl-Calarub-Vaccsco(Pleusch)","ASSOC Pl-Calarub-Vaccsco-Arctuva",6.8575712143928,"ASSOC Pl-Calarub-Vaccsco-Arctuva","ASSOC Pinucon-Calarub-Vaccsco",1
"SUBASS Pl-Calarub-Vaccsco(typic)","ASSOC PlBl-Vaccsco(Calarub)",9.6,"ASSOC PlBl-Vaccsco(Calarub)","ASSOC Pinucon-Calarub-Vaccsco",1
"SUBASS Pl-Pleusch-Cladina(Pyrola)","ASSOC Piceene-Spirbet-Rosaaci-Pleusch",5.19298245614035,"ASSOC Piceene-Spirbet-Rosaaci-Pleusch","ASSOC Pinucon-Pleusch-Cladina",1
"SUBASS Pl-Pleusch-Cladina(Pyrola)","ASSOC Picegla-Pinucon-Shepcan-Geocliv",6.46198830409357,"ASSOC Picegla-Pinucon-Shepcan-Geocliv","ASSOC Pinucon-Pleusch-Cladina",1
"SUBASS Pl-Vaccmem-Cladoni(typic)","SUBASS Pl-Pleusch-Cladina(Pyrola)",9.78571428571428,"ASSOC Pinucon-Pleusch-Cladina","ASSOC Pinucon-Vaccmem-Cladoni",1
"SUBASS Pl-Vaccmem-Cladoni(typic)","SUBASS PlBl-Cladina(Dicranu)",7.26190476190476,"%ASSOC Pinucon-Abielas-Cladina%","ASSOC Pinucon-Vaccmem-Cladoni",1
"SUBASS Pl-Vaccmem-Cladoni(typic)","SUBASS Bl-Vaccmem-Pleusch(typic)",8.58084163898117,"ASSOC Abielas-Vaccmem-Pleusch (mc zonals)","ASSOC Pinucon-Vaccmem-Cladoni",1
"SUBASS Pl-Vaccsco-Cladoni(Empenig)","SUBASS BlPl-Vaccsco-Cladoni(typic)",9.95789473684211,"ASSOC Abielas-Pinucon-Vaccsco-Cladoni","ASSOC Pinucon-Vaccsco-Cladoni",1
"SUBASS Pl-Vaccsco-Cladoni(Empenig)","ASSOC Pinucon-Festalt-Stercau",8.67631578947368,"ASSOC Pinucon-Festalt-Stercau","ASSOC Pinucon-Vaccsco-Cladoni",1
"SUBASS Pl-Vaccsco-Cladoni(Junicom-typic)","ASSOC PlBl-Vaccsco(Calarub)",9.26428571428571,"ASSOC PlBl-Vaccsco(Calarub)","ASSOC Pinucon-Vaccsco-Cladoni",1
"SUBASS Pl-Vaccsco-Cladoni(Junicom-typic)","ASSOC Pinucon-Junicom-Calarub",6.77941176470588,"ASSOC Pinucon-Junicom-Calarub","ASSOC Pinucon-Vaccsco-Cladoni",1
"SUBASS Pl-Vaccsco-Cladoni(Junicom-typic)","SUBASS PlBl-Vaccmem-Cladoni(typic)",9.32142857142857,"ASSOC Pinucon-Abielas-Vaccmem-Cladoni","ASSOC Pinucon-Vaccsco-Cladoni",1
"SUBASS Pl-Vaccsco-Pleusch(Abielas)","SUBASS BlPl-Vaccsco-Cladoni(Abielas)",6.30434782608696,"ASSOC Abielas-Pinucon-Vaccsco-Cladoni","ASSOC Pinucon-Vaccsco-Pleusch (MSxv zonal)",1
"SUBASS Pl-Vaccsco-Pleusch(Abielas)","SUBASS PlSxw-Rhodneo-Vaccsco (Pleusch)",3.21070234113712,"ASSOC Pinucon-Piceene-Rhodneo-Vaccsco","ASSOC Pinucon-Vaccsco-Pleusch (MSxv zonal)",1
"SUBASS Pl-Vaccsco-Pleusch(Abielas)","SUBASS Sxw-Paximyr-Pleusch(typic)",7.7958172812328,"ASSOC Piceene-Paximyr-Pleusch (zonal MSdm)","ASSOC Pinucon-Vaccsco-Pleusch (MSxv zonal)",1
"SUBASS Pl-Vaccsco-Pleusch(Abielas)","SUBASS PlBl-Vaccmem-Vaccsco(typic)",6.73101449275362,"ASSOC Abielas-Pinucon-Vaccsco - Cladonia","ASSOC Pinucon-Vaccsco-Pleusch (MSxv zonal)",1
"SUBASS Pl-Vaccsco-Pleusch(Empenig)","SUBASS PlSxw-Rhodneo-Vaccsco (Empenig)",7.14285714285714,"ASSOC Pinucon-Piceene-Rhodneo-Vaccsco","ASSOC Pinucon-Vaccsco-Pleusch (MSxv zonal)",1
"SUBASS Pl-Vaccsco-Pleusch(Empenig)","SUBASS Pl-Vaccsco-Cladoni(Empenig)",0.939393939393939,"ASSOC Pinucon-Vaccsco-Cladoni","ASSOC Pinucon-Vaccsco-Pleusch (MSxv zonal)",1
"SUBASS Pl-Vaccsco-Pleusch(Empenig)","SUBASS Pl-Calarub-Vaccsco-Pleusch(Junicom)(MSxk3)",7.00393939393939,"ASSOC Pinucon-Calarub-Vaccsco-Pleusch (MSxk)","ASSOC Pinucon-Vaccsco-Pleusch (MSxv zonal)",1
"SUBASS PlBl-Vaccmem-Cladoni(Pinualb)","ASSOC BlPa - Vaccmem - Paximyr",2.68636363636364,"ASSOC BlPa - Vaccmem - Paximyr","ASSOC Pinucon-Abielas-Vaccmem-Cladoni",1
"SUBASS PlBl-Vaccmem-Vaccsco(typic)","SUBASS BlPl-Vaccsco-Cladoni(Abielas)",2.78083333333333,"ASSOC Abielas-Pinucon-Vaccsco-Cladoni","ASSOC Abielas-Pinucon-Vaccsco - Cladonia",1
"SUBASS PlBl-Vaccmem-Vaccsco(typic)","ASSOC Bl-Vaccsco-Dicranu(Linnbor)xc3",8.5531914893617,"ASSOC Bl-Vaccsco-Dicranu(Linnbor)xc3","ASSOC Abielas-Pinucon-Vaccsco - Cladonia",1
"SUBASS PlBl-Vaccmem-Vaccsco(typic)","ASSOC Abielas-Pinucon-Paximyr-Vaccsco",5.54166666666667,"ASSOC Abielas-Pinucon-Paximyr-Vaccsco","ASSOC Abielas-Pinucon-Vaccsco - Cladonia",1
"SUBASS PlBl-Vaccmem-Vaccsco(typic)","ASSOC BlSe-Vaccsco-Valesit (xc zonals)",7.92,"ASSOC BlSe-Vaccsco-Valesit (xc zonals)","ASSOC Abielas-Pinucon-Vaccsco - Cladonia",1
"SUBASS PlBl-Vaccmem-Vaccsco(typic)","ASSOC Abielas-Pinucon-Menzfer-Vaccsco",9.88943396226415,"ASSOC Abielas-Pinucon-Menzfer-Vaccsco","ASSOC Abielas-Pinucon-Vaccsco - Cladonia",1
"SUBASS Sb-Vaccmem-Vaccvit(Abielas)","ASSOC Picemar-Ledugro-Hylospl",1.83870967741935,"ASSOC Picemar-Ledugro-Hylospl","ASSOC Picemar-Vaccmem-Vaccvit",1
"SUBASS Sb-Vaccmem-Vaccvit(typic)","ASSOC Picemar-Ledugro-Hylospl",5.16,"ASSOC Picemar-Ledugro-Hylospl","ASSOC Picemar-Vaccmem-Vaccvit",1
"SUBASS SeBl-Oplohor-Athyfil","Ws1? ASSOC Sxw(Cw)-Equiset-Athyfil (ICH)",9.01601830663616,"Ws1? ASSOC Sxw(Cw)-Equiset-Athyfil (ICH)","ASSOC Piceene-Oplohor-Athyfil (ICH)",1
"SUBASS SeBl-Oplohor-Athyfil","SUBASS Bl-Oplohor-Athyfil(Valesit)",5.09288537549407,"ASSOC Piceng-Oplohor-Athyfil","ASSOC Piceene-Oplohor-Athyfil (ICH)",1
"SUBASS SeBl-Oplohor-Athyfil","SUBASS SeBl-Oplohor-Athyfil(Thujpli)",4.45108695652174,"ASSOC Piceng-Oplohor-Athyfil","ASSOC Piceene-Oplohor-Athyfil (ICH)",1
"SUBASS SeBl-Oplohor-Athyfil","ASSOC Piceeng-Oplohor-Athyfil(Tsughet)",3.31578947368421,"ASSOC Piceeng-Oplohor-Athyfil(Tsughet)","ASSOC Piceene-Oplohor-Athyfil (ICH)",1
"SUBASS SeBl-Oplohor-Athyfil","SUBASS Bl-Athyfil-Gymndry(Alnuvir)",7.95986622073579,"ASSOC Abielas-Piceeng-Athyfil-Gymndry","ASSOC Piceene-Oplohor-Athyfil (ICH)",1
"SUBASS SeBl-Oplohor-Athyfil","ASSOC SeBl-Ribelac-Gymndry",5.71395881006865,"ASSOC SeBl-Ribelac-Gymndry","ASSOC Piceene-Oplohor-Athyfil (ICH)",1
"SUBASS SeBl-Oplohor-Athyfil(Thujpli)","ASSOC SeBl-Ribelac-Gymndry",7.38157894736842,"ASSOC SeBl-Ribelac-Gymndry","ASSOC Piceng-Oplohor-Athyfil",1
"SUBASS SeBl-Rhodneo-Vaccsco (Se)","SUBASS PlSxw-Rhodneo-Vaccsco (Pleusch)",9.40384615384615,"ASSOC Pinucon-Piceene-Rhodneo-Vaccsco","ASSOC Piceene-Abielas-Rhodneo-Vaccsco",1
"SUBASS Sw-Ribetri-Equiset(typic)","SUBASS Sxw-Equiset(Loniinv)",9.34853905784138,"ASSOC Sxw-Loniinv-Equiset-Hylospl (SBS)","ASSOC Picegla-Ribetri-Equiset",1
"SUBASS Sw-Vaccmem-Hylospl(Spirbet)","SUBASS Sx-Vaccmem(typic)",6.22766457680251,"ASSOC Piceene-Vaccmem (SBSmc zonals)","ASSOC Picegla-Vaccmem-Hylospl",1
"SUBASS Sw-Vaccmem-Hylospl(typic)","SUBASS Sb-Vaccmem-Petafri(Pleusch)",4.5625,"ASSOC Picemar-Vaccmem-Petafri [[ISSUE Cold Subboreal]]","ASSOC Picegla-Vaccmem-Hylospl",1
"SUBASS Sw-Vaccmem-Hylospl(typic)","SUBASS Bl-Rhodalb-Pleusch-Ptilcri(Hylospl)",7.59375,"ASSOC Abielas-Rhodalb-Pleusch-Ptilcri (mv zonals)","ASSOC Picegla-Vaccmem-Hylospl",1
"SUBASS Sw-Vaccmem-Hylospl(typic)","SUBASS Sx-Vaccmem(typic)",6.43052738336714,"ASSOC Piceene-Vaccmem (SBSmc zonals)","ASSOC Picegla-Vaccmem-Hylospl",1
"SUBASS Sw-Vaccmem-Hylospl(typic)","ASSOC Picegla-Shepcan-Hylospl",6.46270466949666,"ASSOC Picegla-Shepcan-Hylospl","ASSOC Picegla-Vaccmem-Hylospl",1
"SUBASS Sw-Vaccmem-Hylospl(Vaccvit)","ASSOC Picegla-Shepcan-Hylospl",7.27835051546392,"ASSOC Picegla-Shepcan-Hylospl","ASSOC Picegla-Vaccmem-Hylospl",1
"SUBASS Sx-Oplohor(Pseumen)","SUBASS Bl-Oplohor-Gymndry(Ptilcri)",6.1960623461854,"","ASSOC Picene-Pseumen-Oplohor",1
"SUBASS Sx-Oplohor(Pseumen)","SUBASS Sxw-Oplohor-Athyfil",7.09153318077803,"ASSOC Piceene-Oplohor-Athyfil (ICH)","ASSOC Picene-Pseumen-Oplohor",1
"SUBASS Sx-Vaccmem-Vibuedu(Mertpan)","SUBASS Sxw-Equiset(Loniinv)",8.39160839160839,"ASSOC Sxw-Loniinv-Equiset-Hylospl (SBS)","ASSOC Piceene-Vaccmem-Vibuedu (SBSmk zonals)",1
"SUBASS Sx-Vaccmem-Vibuedu(Mertpan)","SUBASS Sxw-Gymndry(Aralnud)",8.28693181818182,"ASSOC Piceene-Gymndry-Pleusch (SBSwk zonals)","ASSOC Piceene-Vaccmem-Vibuedu (SBSmk zonals)",1
"SUBASS Sx-Vaccmem-Vibuedu(Mertpan)","ASSOC Piceene-Loniinv",5.07248157248157,"ASSOC Piceene-Loniinv","ASSOC Piceene-Vaccmem-Vibuedu (SBSmk zonals)",1
"SUBASS Sx-Vaccmem-Vibuedu(Pseumen)","SUBASS FdSxw-Rubupar(Lathnev)",8.88888888888889,"ASSOC Pseumen-Piceene-Rubupar (SBSmh zonal)","ASSOC Piceene-Vaccmem-Vibuedu (SBSmk zonals)",1
"SUBASS Sx-Vaccmem-Vibuedu(Pseumen)","ASSOC Pseumen-Piceene-Ptilcri",7.91397849462365,"ASSOC Pseumen-Piceene-Ptilcri","ASSOC Piceene-Vaccmem-Vibuedu (SBSmk zonals)",1
"SUBASS Sx-Vaccmem-Vibuedu(Rubupar)","SUBASS Sxw-Gymndry(Arnica)",3.77801899592944,"ASSOC Piceene-Gymndry-Pleusch (SBSwk zonals)","ASSOC Piceene-Vaccmem-Vibuedu (SBSmk zonals)",1
"SUBASS Sx-Vaccmem-Vibuedu(Rubupar)","SUBASS Sx-Vaccmem(typic)",8.71564590838909,"ASSOC Piceene-Vaccmem (SBSmc zonals)","ASSOC Piceene-Vaccmem-Vibuedu (SBSmk zonals)",1
"SUBASS Sx-Vaccmem-Vibuedu(Rubupar)","SUBASS Sxw-Gymndry(Ptilcri)",6.37715832601697,"ASSOC Piceene-Gymndry-Pleusch (SBSwk zonals)","ASSOC Piceene-Vaccmem-Vibuedu (SBSmk zonals)",1
"SUBASS Sx-Vaccmem-Vibuedu(Rubupar)","SUBASS Sxw-Gymndry(Aralnud)",2.01865671641791,"ASSOC Piceene-Gymndry-Pleusch (SBSwk zonals)","ASSOC Piceene-Vaccmem-Vibuedu (SBSmk zonals)",1
"SUBASS Sx-Vaccmem-Vibuedu(Rubupar)","ASSOC Pseumen-Piceene-Ptilcri",8.19932595089071,"ASSOC Pseumen-Piceene-Ptilcri","ASSOC Piceene-Vaccmem-Vibuedu (SBSmk zonals)",1
"SUBASS Sx-Vaccmem-Vibuedu(Shepcan)","ASSOC Piceene-Spirbet-Lathoch-Pleusch",4.43921568627451,"ASSOC Piceene-Spirbet-Lathoch-Pleusch","ASSOC Piceene-Vaccmem-Vibuedu (SBSmk zonals)",1
"SUBASS Sx-Vaccmem(Paximyr)","ASSOC Piceene-Vaccmem-Paximyr",3.74484052532833,"ASSOC Piceene-Vaccmem-Paximyr","ASSOC Piceene-Vaccmem (SBSmc zonals)",1
"SUBASS Sx-Vaccmem(Paximyr)","SUBASS Bl-Vaccmem-Pleusch(typic)",8.01967799642218,"ASSOC Abielas-Vaccmem-Pleusch (mc zonals)","ASSOC Piceene-Vaccmem (SBSmc zonals)",1
"SUBASS Sx-Vaccmem(Petafri)","ASSOC Piceene-Spirbet-Lathoch-Pleusch",7.54166666666667,"ASSOC Piceene-Spirbet-Lathoch-Pleusch","ASSOC Piceene-Vaccmem (SBSmc zonals)",1
"SUBASS Sx-Vaccmem(Petafri)","ASSOC Piceene-Loniinv",8.75337837837838,"ASSOC Piceene-Loniinv","ASSOC Piceene-Vaccmem (SBSmc zonals)",1
"SUBASS Sx-Vaccmem(typic)","SUBASS Bl-Vaccmem-Pleusch(Vacccae)",5.6573275862069,"ASSOC Abielas-Vaccmem-Pleusch (mc zonals)","ASSOC Piceene-Vaccmem (SBSmc zonals)",1
"SUBASS Sx-Vaccmem(typic)","SUBASS Sb-Vaccmem-Petafri(Pleusch)",7.63793103448276,"ASSOC Picemar-Vaccmem-Petafri [[ISSUE Cold Subboreal]]","ASSOC Piceene-Vaccmem (SBSmc zonals)",1
"SUBASS Sx-Vaccmem(typic)","ASSOC Abielas-Vaccmem-Empenig",7.80835543766578,"ASSOC Abielas-Vaccmem-Empenig","ASSOC Piceene-Vaccmem (SBSmc zonals)",1
"SUBASS Sx-Vaccmem(typic)","ASSOC Piceene-Vaccmem-Paximyr",2.06707317073171,"ASSOC Piceene-Vaccmem-Paximyr","ASSOC Piceene-Vaccmem (SBSmc zonals)",1
"SUBASS Sx-Vaccmem(typic)","SUBASS Bl-Rhodalb-Pleusch-Ptilcri(Dicrsco)",9.25608519269777,"ASSOC Abielas-Rhodalb-Pleusch-Ptilcri (mv zonals)","ASSOC Piceene-Vaccmem (SBSmc zonals)",1
"SUBASS Sx-Vaccmem(typic)","SUBASS Bl-Vaccmem-Pleusch(Barblyc - mc zonal)",6.12518740629685,"ASSOC Abielas-Vaccmem-Pleusch (mc zonals)","ASSOC Piceene-Vaccmem (SBSmc zonals)",1
"SUBASS Sx-Vaccmem(typic)","SUBASS Bl-Vaccmem-Pleusch(typic)",8.74458700882117,"ASSOC Abielas-Vaccmem-Pleusch (mc zonals)","ASSOC Piceene-Vaccmem (SBSmc zonals)",1
"SUBASS SxFd-Sympalb-Aralnud","ASSOC Piceene-(Pseumen)-Cornsto-Corncan",8.31481481481481,"ASSOC Piceene-(Pseumen)-Cornsto-Corncan","ASSOC Piceene-Pseumen(Lariocc)-Sympalb-Aralnud",1
"SUBASS Sxw-Betunan-Pleusch(Hylospl)","%ASSOC Piceene-Pleusch-Brachyt",8.39423076923077,"%ASSOC Piceene-Pleusch-Brachyt","ASSOC Piceene-Betunan-Pleusch",1
"SUBASS Sxw-Equiset-Aulapal(Caredis)","SUBASS Piceeng-Equivar-Valesit(Petafri)",7.47869674185464,"ASSOC Piceeng-Abielas-Equiarv-Valesit","ASSOC Piceene-Equiset-Aulapal",1
"SUBASS Sxw-Equiset-Aulapal(Caredis)","%ASSOC Bl-Equiset-Mnium(Sphagnu)",7.93722943722944,"%ASSOC Bl-Equiset-Mnium(Sphagnu)","ASSOC Piceene-Equiset-Aulapal",1
"SUBASS Sxw-Equiset-Aulapal(Caredis)","Ws08.3 SUBASS Piceeng-Equiset-Calacan (very wet sites)",2.66666666666667,"ASSOC Piceeng-Abielas-Equiarv-Valesit","ASSOC Piceene-Equiset-Aulapal",1
"SUBASS Sxw-Equiset(Loniinv)","SUBASS Sxw-Equiset-Aulapal(Sphagnu)",3.29807692307692,"ASSOC Piceene-Equiset-Aulapal","ASSOC Sxw-Loniinv-Equiset-Hylospl (SBS)",1
"SUBASS Sxw-Equiset(Loniinv)","%ASSOC Piceene-Equiset-Thalocc?",3.16300366300366,"%ASSOC Piceene-Equiset-Thalocc?","ASSOC Sxw-Loniinv-Equiset-Hylospl (SBS)",1
"SUBASS Sxw-Equiset(Loniinv)","ASSOC SxwBl-Equiset-Gymndry (MS/SBS)",1.11428571428571,"ASSOC SxwBl-Equiset-Gymndry (MS/SBS)","ASSOC Sxw-Loniinv-Equiset-Hylospl (SBS)",1
"SUBASS Sxw-Equiset(Loniinv)","SUBASS Sxw-Equiset-Aulapal(Hylospl)",1.65728580362727,"ASSOC Piceene-Equiset-Aulapal","ASSOC Sxw-Loniinv-Equiset-Hylospl (SBS)",1
"SUBASS Sxw-Gymndry(Arnica)","SUBASS Sx-Loniinv-Gymndry(Vibuedu)",7.01717171717172,"ASSOC Piceene-Loniinv-Gymndry","ASSOC Piceene-Gymndry-Pleusch (SBSwk zonals)",1
"SUBASS Sxw-Gymndry(Ptilcri)","SUBASS Sx-Loniinv-Gymndry(Vibuedu)",6.97385620915033,"ASSOC Piceene-Loniinv-Gymndry","ASSOC Piceene-Gymndry-Pleusch (SBSwk zonals)",1
"SUBASS Sxw-Gymndry(Ptilcri)","SUBASS Bl-Gymndry-Ptilcri(Brachyt)",8.86206896551724,"ASSOC Abielas-Gymndry-Corncan-Ptilcri (wk zonals)","ASSOC Piceene-Gymndry-Pleusch (SBSwk zonals)",1
"SUBASS Sxw-Gymndry(Ptilcri)","ASSOC Sxw-Gymndry(Thujpli)",7.71176470588235,"ASSOC Sxw-Gymndry(Thujpli)","ASSOC Piceene-Gymndry-Pleusch (SBSwk zonals)",1
"SUBASS Sxw-Oplohor-Athyfil","Ws1? ASSOC Sxw(Cw)-Equiset-Athyfil (ICH)",9.10526315789474,"Ws1? ASSOC Sxw(Cw)-Equiset-Athyfil (ICH)","ASSOC Piceene-Oplohor-Athyfil (ICH)",1
"SUBASS Sxw-Oplohor-Athyfil","ASSOC Sxw-Gymndry(Thujpli)",8.58421052631579,"ASSOC Sxw-Gymndry(Thujpli)","ASSOC Piceene-Oplohor-Athyfil (ICH)",1
"SUBASS Sxw-Oplohor-Athyfil","SUBASS Sx-Loniinv-Gymndry(Vibuedu)",9.31505847953216,"ASSOC Piceene-Loniinv-Gymndry","ASSOC Piceene-Oplohor-Athyfil (ICH)",1
"SUBASS Sxw-Oplohor-Athyfil","SUBASS Bl-Oplohor-Athyfil(Valesit)",9.8444976076555,"ASSOC Piceng-Oplohor-Athyfil","ASSOC Piceene-Oplohor-Athyfil (ICH)",1
"SUBASS Sxw-Oplohor-Athyfil(Dryoexp)","SUBASS Sxw-Oplohor-Athyfil",3.54934210526316,"ASSOC Piceene-Oplohor-Athyfil (ICH)","ASSOC Piceene-Oplohor-Athyfil-Corncan (SBSvk zonal)",1
"SUBASS Sxw-Oplohor-Athyfil(Dryoexp)","SUBASS Bl-Oplohor-Athyfil(Valesit)",8.11931818181818,"ASSOC Piceng-Oplohor-Athyfil","ASSOC Piceene-Oplohor-Athyfil-Corncan (SBSvk zonal)",1
"SUBASS Sxw-Oplohor-Athyfil(Dryoexp)","SUBASS SeBl-Oplohor-Athyfil",5.04619565217391,"ASSOC Piceene-Oplohor-Athyfil (ICH)","ASSOC Piceene-Oplohor-Athyfil-Corncan (SBSvk zonal)",1
"SUBASS Sxw-Oplohor-Athyfil(Ptilcri)","SUBASS SeBl-Oplohor-Athyfil(Thujpli)",3.94542253521127,"ASSOC Piceng-Oplohor-Athyfil","ASSOC Piceene-Oplohor-Athyfil-Corncan (SBSvk zonal)",1
"SUBASS Sxw-Oplohor-Athyfil(Ptilcri)","SUBASS Bl-Oplohor-Athyfil(Valesit)",1.85403329065301,"ASSOC Piceng-Oplohor-Athyfil","ASSOC Piceene-Oplohor-Athyfil-Corncan (SBSvk zonal)",1
"SUBASS Sxw-Oplohor-Athyfil(Ptilcri)","SUBASS Sxw-Oplohor-Athyfil",1.78947368421053,"ASSOC Piceene-Oplohor-Athyfil (ICH)","ASSOC Piceene-Oplohor-Athyfil-Corncan (SBSvk zonal)",1
"SUBASS Sxw-Oplohor-Athyfil(Ptilcri)","SUBASS SeBl-Oplohor-Athyfil",2.55419473361911,"ASSOC Piceene-Oplohor-Athyfil (ICH)","ASSOC Piceene-Oplohor-Athyfil-Corncan (SBSvk zonal)",1
"SUBASS Sxw-Orthsec-Pleusch(Rhytrob)","ASSOC Abielas-Vaccmem-Paximyr",8.46428571428571,"ASSOC Abielas-Vaccmem-Paximyr","ASSOC Piceene-Orthsec-Pleusch (MSdc)",1
"SUBASS Sxw-Orthsec-Pleusch(Rhytrob)","SUBASS Bl-Vaccmem-Pleusch(typic)",8.57848837209302,"ASSOC Abielas-Vaccmem-Pleusch (mc zonals)","ASSOC Piceene-Orthsec-Pleusch (MSdc)",1
"SUBASS Sxw-Orthsec-Pleusch(Rhytrob)","%ASSOC Bl-Vaccmem-Racomit",9.77678571428571,"%ASSOC Bl-Vaccmem-Racomit","ASSOC Piceene-Orthsec-Pleusch (MSdc)",1
"SUBASS Sxw-Orthsec-Pleusch(Rhytrob)","ASSOC Abielas-Vaccmem-Empenig",8.62259615384615,"ASSOC Abielas-Vaccmem-Empenig","ASSOC Piceene-Orthsec-Pleusch (MSdc)",1
"SUBASS Sxw-Orthsec-Pleusch(Shepcan)","ASSOC Bl-Vaccsco-Dicranu(Linnbor)xc3",8.59477756286267,"ASSOC Bl-Vaccsco-Dicranu(Linnbor)xc3","ASSOC Piceene-Orthsec-Pleusch (MSdc)",1
"SUBASS Sxw-Orthsec-Pleusch(Shepcan)","SUBASS Bl-Vaccmem-Pleusch(typic)",9.67336152219873,"ASSOC Abielas-Vaccmem-Pleusch (mc zonals)","ASSOC Piceene-Orthsec-Pleusch (MSdc)",1
"SUBASS Sxw-Orthsec-Pleusch(typic)","ASSOC Abielas-Vaccmem-Empenig",9.15384615384616,"ASSOC Abielas-Vaccmem-Empenig","ASSOC Piceene-Orthsec-Pleusch (MSdc)",1
"SUBASS Sxw-Paximyr-Pleusch(Pseumen)","ASSOC Piceene-Vaccmem-Paximyr",0,"ASSOC Piceene-Vaccmem-Paximyr","ASSOC Piceene-Paximyr-Pleusch (zonal MSdm)",1
"SUBASS Sxw-Paximyr-Pleusch(Pseumen)","SUBASS Sxw-Orthsec-Pleusch(Shepcan)",7.50098814229249,"ASSOC Piceene-Orthsec-Pleusch (MSdc)","ASSOC Piceene-Paximyr-Pleusch (zonal MSdm)",1
"SUBASS Sxw-Paximyr-Pleusch(Pseumen)","SUBASS Sxw-Orthsec-Pleusch(typic)",6.80434782608696,"ASSOC Piceene-Orthsec-Pleusch (MSdc)","ASSOC Piceene-Paximyr-Pleusch (zonal MSdm)",1
"SUBASS Sxw-Paximyr-Pleusch(Pseumen)","SUBASS SxwBl - Ribelac (typic)",8.1528326745718,"ASSOC Piceene-Abielas-Ribelac","ASSOC Piceene-Paximyr-Pleusch (zonal MSdm)",1
"SUBASS Sxw-Paximyr-Pleusch(Pseumen)","ASSOC Pseumen-Piceene-Ptilcri",7.93548387096774,"ASSOC Pseumen-Piceene-Ptilcri","ASSOC Piceene-Paximyr-Pleusch (zonal MSdm)",1
"SUBASS Sxw-Paximyr-Pleusch(Pseumen)","SUBASS Sx-Vaccmem(typic)",7.13230884557721,"ASSOC Piceene-Vaccmem (SBSmc zonals)","ASSOC Piceene-Paximyr-Pleusch (zonal MSdm)",1
"SUBASS Sxw-Paximyr-Pleusch(Pseumen)","SUBASS Sxw-Orthsec-Pleusch(Rhytrob)",9.16576086956522,"ASSOC Piceene-Orthsec-Pleusch (MSdc)","ASSOC Piceene-Paximyr-Pleusch (zonal MSdm)",1
"SUBASS Sxw-Paximyr-Pleusch(Pseumen)","SUBASS Sx-Vaccmem(Paximyr)",1.52341137123746,"ASSOC Piceene-Vaccmem (SBSmc zonals)","ASSOC Piceene-Paximyr-Pleusch (zonal MSdm)",1
"SUBASS Sxw-Paximyr-Pleusch(Pseumen)","SUBASS Bl-Vaccmem-Pleusch(typic)",7.83923154701719,"ASSOC Abielas-Vaccmem-Pleusch (mc zonals)","ASSOC Piceene-Paximyr-Pleusch (zonal MSdm)",1
"SUBASS Sxw-Paximyr-Pleusch(typic)","SUBASS SxwBl - Ribelac (typic)",9.60510164940545,"ASSOC Piceene-Abielas-Ribelac","ASSOC Piceene-Paximyr-Pleusch (zonal MSdm)",1
"SUBASS Sxw-Paximyr-Pleusch(typic)","ASSOC Abielas-Pinucon-Paximyr-Vaccsco",2.69778481012658,"ASSOC Abielas-Pinucon-Paximyr-Vaccsco","ASSOC Piceene-Paximyr-Pleusch (zonal MSdm)",1
"SUBASS Sxw-Paximyr-Pleusch(typic)","SUBASS PlBl-Vaccmem-Vaccsco(typic)",8.59569620253165,"ASSOC Abielas-Pinucon-Vaccsco - Cladonia","ASSOC Piceene-Paximyr-Pleusch (zonal MSdm)",1
"SUBASS SxwBl - Ribelac (typic)","SUBASS Sxw-Orthsec-Pleusch(Rhytrob)",6.77840909090909,"ASSOC Piceene-Orthsec-Pleusch (MSdc)","ASSOC Piceene-Abielas-Ribelac",1
"SUBASS SxwBl - Ribelac (typic)","SUBASS Sxw-Orthsec-Pleusch(Shepcan)",9.59090909090909,"ASSOC Piceene-Orthsec-Pleusch (MSdc)","ASSOC Piceene-Abielas-Ribelac",1
"SUBASS SxwBl - Ribelac (typic)","SUBASS Bl-Gymndry-Equiset(typic)",7.97727272727273,"ASSOC Abielas-Gymndry-Equiset (Northern)","ASSOC Piceene-Abielas-Ribelac",1
"SUBASS SxwBl - Ribelac (typic)","SUBASS BlSe-Menzfer (Tiartri)",8.71306818181818,"ASSOC Abielas-Piceeng-Menzfer-Pleusch (dk zonals)","ASSOC Piceene-Abielas-Ribelac",1
"SUBASS SxwFd-Cornsto-Sympalb(Acergla)","ASSOC Piceene-PseumenCornsto-Aralnud",2.52941176470588,"ASSOC Piceene-PseumenCornsto-Aralnud","ASSOC Piceene-Pseumen-Cornsto-Acergla",1
"SUBASS SxwFd-Rhyttri(Oryzasp)","ASSOC Pseumen-Piceene-Ptilcri",1.38888888888889,"ASSOC Pseumen-Piceene-Ptilcri","ASSOC Piceene-Pseumen-Rhyttri (SBSdh)",1
"SUBASS SxwFd-Rhyttri(Oryzasp)","ASSOC Pseumen-Piceene-Paximyr",7.67307692307692,"ASSOC Pseumen-Piceene-Paximyr","ASSOC Piceene-Pseumen-Rhyttri (SBSdh)",1
"Ws08.1 SUBASS Piceeng-Equiarv-Valesit (Trolalb Southern)","SUBASS Bl-Gymndry-Equiset(typic)",0.727272727272727,"ASSOC Abielas-Gymndry-Equiset (Northern)","ASSOC Piceeng-Abielas-Equiarv-Valesit",1
"Ws08.1 SUBASS Piceeng-Equiarv-Valesit (Trolalb Southern)","%ASSOC SeBl-Equiarv-Gymndry",8.75,"%ASSOC SeBl-Equiarv-Gymndry","ASSOC Piceeng-Abielas-Equiarv-Valesit",1
"Ws08.1 SUBASS Piceeng-Equiarv-Valesit (Trolalb Southern)","%ASSOC Bl-Equiset-Mnium(Sphagnu)",7.31818181818182,"%ASSOC Bl-Equiset-Mnium(Sphagnu)","ASSOC Piceeng-Abielas-Equiarv-Valesit",1
"Ws08.3 ASSOC SeBl-Equiarv-Senetri","SUBASS Bl-Gymndry-Equiset(typic)",2.31818181818182,"ASSOC Abielas-Gymndry-Equiset (Northern)","Ws08.3 ASSOC SeBl-Equiarv-Senetri",1
"Ws08.3 ASSOC SeBl-Equiarv-Senetri","Ws08.2 SUBASS SeBl-Equiarv-Ligucan (southern border)",8.13793103448276,"ASSOC Piceeng-Abielas-Equiarv-Valesit","Ws08.3 ASSOC SeBl-Equiarv-Senetri",1
"Ws08.3 ASSOC SeBl-Equiarv-Senetri","%ASSOC SeBl-Equiarv-Gymndry",7.83333333333333,"%ASSOC SeBl-Equiarv-Gymndry","Ws08.3 ASSOC SeBl-Equiarv-Senetri",1
"Ws08.3 ASSOC SeBl-Equiarv-Senetri","Ws08.1 SUBASS Piceeng-Equiarv-Valesit (Trolalb Southern)",2.4113475177305,"ASSOC Piceeng-Abielas-Equiarv-Valesit","Ws08.3 ASSOC SeBl-Equiarv-Senetri",1
"Ws08.3 ASSOC SeBl-Equiarv-Senetri","SUBASS Piceng-Equiarv-Valesit (Leptpyr)",4.5,"ASSOC Piceeng-Abielas-Equiarv-Valesit","Ws08.3 ASSOC SeBl-Equiarv-Senetri",1
"Ws08.3 SUBASS Abielas-Piceeng-Equiset-Pleusch (N-S transition)","SUBASS Bl-Gymndry-Equiset(typic)",5.04292929292929,"ASSOC Abielas-Gymndry-Equiset (Northern)","ASSOC Piceeng-Abielas-Equiarv-Valesit",1
"Ws08.3 SUBASS Abielas-Piceeng-Equiset-Pleusch (N-S transition)","SUBASS BlSe-Menzfer (Tiartri)",5.8125,"ASSOC Abielas-Piceeng-Menzfer-Pleusch (dk zonals)","ASSOC Piceeng-Abielas-Equiarv-Valesit",1
"Ws08.3 SUBASS Piceeng-Equiset-Calacan (very wet sites)","SUBASS Bl-Gymndry-Equiset(typic)",4.73106060606061,"ASSOC Abielas-Gymndry-Equiset (Northern)","ASSOC Piceeng-Abielas-Equiarv-Valesit",1
